strain	virus	accession	date	year	region	country	division	city	db	author	url	title	journal	paper_url	host	length	lineage
EF206350/EU1/Hungary/2005	Usutu	EF206350	2005-XX-XX	2005	Europe	Hungary	Hungary	Hungary	genbank	Bakonyi et al.	N	T	J	U	Turdus merula	11065	EU1
HE599647/EU3/Germany/2011	Usutu	HE599647	2011-09-10	2011	Europe	Germany	Germany	Germany	genbank	Becker et al.	N	T	J	U	Turdus merula	11003	EU3
HM569263/EU2/Italy/2009	Usutu	HM569263	2009-09-24	2009	Europe	Italy	Italy	Italy	genbank	Gaibani et al.	N	T	J	U	Homo sapiens	11065	EU2
JF266698/EU2/Italy/2009	Usutu	JF266698	2009-XX-XX	2009	Europe	Italy	Italy	Italy	genbank	Savini et al.	N	T	J	U	Turdus merula	11065	EU2
JQ219843/EU1/Austria/2002	Usutu	JQ219843	2002-08-29	2002	Europe	Austria	Austria	Austria	genbank	Becker et al.	N	T	J	U	Cyanistes caeruleus	11047	EU1
KC754954/AF2/Senegal/1974	Usutu	KC754954	1974-XX-XX	1974	Africa	Senegal	Senegal	Senegal	genbank	Nikolay et al.	N	T	J	U	Culex perfuscus	10837	AF2
KC754955/AF3/CAR/1981	Usutu	KC754955	1981-XX-XX	1981	Africa	CAR	CAR	CAR	genbank	Nikolay et al.	N	T	J	U	Homo sapiens	10800	AF3
KC754956/AF3/Senegal/1993	Usutu	KC754956	1993-XX-XX	1993	Africa	Senegal	Senegal	Senegal	genbank	Nikolay et al.	N	T	J	U	Culex univittatus	10837	AF3
KC754957/AF3/Senegal/2007	Usutu	KC754957	2007-XX-XX	2007	Africa	Senegal	Senegal	Senegal	genbank	Nikolay et al.	N	T	J	U	Culex neavei	10825	AF3
KC754958/AF1/CAR/1969	Usutu	KC754958	1969-XX-XX	1969	Africa	CAR	CAR	CAR	genbank	Nikolay et al.	N	T	J	U	Culex perfuscus	10745	AF1
KF573410/AF2/Spain/2006	Usutu	KF573410	2006-08-22	2006	Europe	Spain	Catalonia	Viladecans	genbank	Busquets et al.	N	T	J	U	Culex pipiens	11064	AF2
KJ438705/EU3/Germany/2010	Usutu	KJ438705	2010-XX-XX	2010	Europe	Germany	Germany	Germany	genbank	Engel et al.	N	T	J	U	Culex pipiens pipiens	11065	EU3
KJ438706/EU3/Germany/2011	Usutu	KJ438706	2011-XX-XX	2011	Europe	Germany	Germany	Germany	genbank	Engel et al.	N	T	J	U	Culex	11065	EU3
KJ438707/EU3/Germany/2011	Usutu	KJ438707	2011-XX-XX	2011	Europe	Germany	Germany	Germany	genbank	Engel et al.	N	T	J	U	Culex	11065	EU3
KJ438708/EU3/Germany/2011	Usutu	KJ438708	2011-XX-XX	2011	Europe	Germany	Germany	Germany	genbank	Engel et al.	N	T	J	U	Culex pipiens	11065	EU3
KJ438709/EU3/Germany/2012	Usutu	KJ438709	2012-XX-XX	2012	Europe	Germany	Germany	Germany	genbank	Engel et al.	N	T	J	U	Culex	11065	EU3
KJ438710/EU3/Germany/2011	Usutu	KJ438710	2011-XX-XX	2011	Europe	Germany	Germany	Germany	genbank	Engel et al.	N	T	J	U	Turdus merula	11065	EU3
KJ438711/EU3/Germany/2011	Usutu	KJ438711	2011-XX-XX	2011	Europe	Germany	Germany	Germany	genbank	Engel et al.	N	T	J	U	Turdus merula	11065	EU3
KJ438712/EU3/Germany/2011	Usutu	KJ438712	2011-XX-XX	2011	Europe	Germany	Germany	Germany	genbank	Engel et al.	N	T	J	U	Turdus merula	11065	EU3
KJ438713/EU3/Germany/2011	Usutu	KJ438713	2011-XX-XX	2011	Europe	Germany	Germany	Germany	genbank	Engel et al.	N	T	J	U	Turdus merula	11065	EU3
KJ438714/EU3/Germany/2011	Usutu	KJ438714	2011-XX-XX	2011	Europe	Germany	Germany	Germany	genbank	Engel et al.	N	T	J	U	Turdus merula	11065	EU3
KJ438715/EU3/Germany/2011	Usutu	KJ438715	2011-XX-XX	2011	Europe	Germany	Germany	Germany	genbank	Engel et al.	N	T	J	U	Passer domesticus	11065	EU3
KJ438716/EU3/Germany/2012	Usutu	KJ438716	2012-XX-XX	2012	Europe	Germany	Germany	Germany	genbank	Engel et al.	N	T	J	U	Culex	11065	EU3
KJ438717/EU3/Germany/2012	Usutu	KJ438717	2012-XX-XX	2012	Europe	Germany	Germany	Germany	genbank	Engel et al.	N	T	J	U	Turdus merula	11065	EU3
KJ438718/EU3/Germany/2011	Usutu	KJ438718	2011-XX-XX	2011	Europe	Germany	Germany	Germany	genbank	Engel et al.	N	T	J	U	Culex	11065	EU3
KJ438719/EU3/Germany/2011	Usutu	KJ438719	2011-XX-XX	2011	Europe	Germany	Germany	Germany	genbank	Engel et al.	N	T	J	U	Turdus merula	11065	EU3
KJ438720/EU3/Germany/2011	Usutu	KJ438720	2011-XX-XX	2011	Europe	Germany	Germany	Germany	genbank	Engel et al.	N	T	J	U	Turdus merula	11065	EU3
KJ438721/EU3/Germany/2011	Usutu	KJ438721	2011-XX-XX	2011	Europe	Germany	Germany	Germany	genbank	Engel et al.	N	T	J	U	Culex	11065	EU3
KJ438722/EU3/Germany/2012	Usutu	KJ438722	2012-XX-XX	2012	Europe	Germany	Germany	Germany	genbank	Engel et al.	N	T	J	U	Turdus merula	11065	EU3
KJ438723/EU3/Germany/2011	Usutu	KJ438723	2011-XX-XX	2011	Europe	Germany	Germany	Germany	genbank	Engel et al.	N	T	J	U	Turdus merula	11065	EU3
KJ438724/EU3/Germany/2011	Usutu	KJ438724	2011-XX-XX	2011	Europe	Germany	Germany	Germany	genbank	Engel et al.	N	T	J	U	Turdus merula	11065	EU3
KJ438725/EU3/Germany/2011	Usutu	KJ438725	2011-XX-XX	2011	Europe	Germany	Germany	Germany	genbank	Engel et al.	N	T	J	U	Turdus merula	11065	EU3
KJ438726/EU3/Germany/2011	Usutu	KJ438726	2011-XX-XX	2011	Europe	Germany	Germany	Germany	genbank	Engel et al.	N	T	J	U	Turdus merula	11065	EU3
KJ438727/EU3/Germany/2011	Usutu	KJ438727	2011-XX-XX	2011	Europe	Germany	Germany	Germany	genbank	Engel et al.	N	T	J	U	Turdus merula	11065	EU3
KJ438728/EU3/Germany/2011	Usutu	KJ438728	2011-XX-XX	2011	Europe	Germany	Germany	Germany	genbank	Engel et al.	N	T	J	U	Turdus merula	11065	EU3
KJ438729/EU3/Germany/2012	Usutu	KJ438729	2012-XX-XX	2012	Europe	Germany	Germany	Germany	genbank	Engel et al.	N	T	J	U	Turdus merula	11065	EU3
KJ438730/EU3/Germany/2011	Usutu	KJ438730	2011-XX-XX	2011	Europe	Germany	Germany	Germany	genbank	Engel et al.	N	T	J	U	Turdus merula	11065	EU3
KJ438731/EU3/Germany/2011	Usutu	KJ438731	2011-XX-XX	2011	Europe	Germany	Germany	Germany	genbank	Engel et al.	N	T	J	U	Turdus merula	11065	EU3
KJ438732/EU3/Germany/2011	Usutu	KJ438732	2011-XX-XX	2011	Europe	Germany	Germany	Germany	genbank	Engel et al.	N	T	J	U	Turdus merula	11065	EU3
KJ438733/EU3/Germany/2012	Usutu	KJ438733	2012-XX-XX	2012	Europe	Germany	Germany	Germany	genbank	Engel et al.	N	T	J	U	Turdus merula	11065	EU3
KJ438734/EU3/Germany/2011	Usutu	KJ438734	2011-XX-XX	2011	Europe	Germany	Germany	Germany	genbank	Engel et al.	N	T	J	U	Sturnus vulgaris	11065	EU3
KJ438735/EU3/Germany/2012	Usutu	KJ438735	2012-XX-XX	2012	Europe	Germany	Germany	Germany	genbank	Engel et al.	N	T	J	U	Turdus merula	11065	EU3
KJ438736/EU3/Germany/2012	Usutu	KJ438736	2012-XX-XX	2012	Europe	Germany	Germany	Germany	genbank	Engel et al.	N	T	J	U	Culex	11065	EU3
KJ438737/EU3/Germany/2011	Usutu	KJ438737	2011-XX-XX	2011	Europe	Germany	Germany	Germany	genbank	Engel et al.	N	T	J	U	Culex torrentium	11065	EU3
KJ438738/EU3/Germany/2011	Usutu	KJ438738	2011-XX-XX	2011	Europe	Germany	Germany	Germany	genbank	Engel et al.	N	T	J	U	Turdus merula	11065	EU3
KJ438739/EU3/Germany/2013	Usutu	KJ438739	2013-XX-XX	2013	Europe	Germany	Germany	Germany	genbank	Engel et al.	N	T	J	U	Turdus merula	11065	EU3
KJ438740/EU3/Germany/2011	Usutu	KJ438740	2011-XX-XX	2011	Europe	Germany	Germany	Germany	genbank	Engel et al.	N	T	J	U	Turdus merula	11065	EU3
KJ438741/EU3/Germany/2013	Usutu	KJ438741	2013-XX-XX	2013	Europe	Germany	Germany	Germany	genbank	Engel et al.	N	T	J	U	Turdus merula	11065	EU3
KJ438742/EU3/Germany/2013	Usutu	KJ438742	2013-XX-XX	2013	Europe	Germany	Germany	Germany	genbank	Engel et al.	N	T	J	U	Turdus merula	11065	EU3
KJ438743/EU3/Germany/2011	Usutu	KJ438743	2011-XX-XX	2011	Europe	Germany	Germany	Germany	genbank	Engel et al.	N	T	J	U	Turdus merula	11065	EU3
KJ438744/EU3/Germany/2012	Usutu	KJ438744	2012-XX-XX	2012	Europe	Germany	Germany	Germany	genbank	Engel et al.	N	T	J	U	Turdus merula	11065	EU3
KJ438745/EU3/Germany/2011	Usutu	KJ438745	2011-XX-XX	2011	Europe	Germany	Germany	Germany	genbank	Engel et al.	N	T	J	U	Turdus merula	11065	EU3
KJ438746/EU3/Germany/2011	Usutu	KJ438746	2011-XX-XX	2011	Europe	Germany	Germany	Germany	genbank	Engel et al.	N	T	J	U	Turdus merula	11065	EU3
KJ438747/EU3/Germany/2012	Usutu	KJ438747	2012-XX-XX	2012	Europe	Germany	Germany	Germany	genbank	Engel et al.	N	T	J	U	Turdus merula	11065	EU3
KJ438748/EU3/Germany/2012	Usutu	KJ438748	2012-XX-XX	2012	Europe	Germany	Germany	Germany	genbank	Engel et al.	N	T	J	U	Turdus merula	11065	EU3
KJ438749/EU3/Germany/2012	Usutu	KJ438749	2012-XX-XX	2012	Europe	Germany	Germany	Germany	genbank	Engel et al.	N	T	J	U	Turdus merula	11065	EU3
KJ438750/EU3/Germany/2011	Usutu	KJ438750	2011-XX-XX	2011	Europe	Germany	Germany	Germany	genbank	Engel et al.	N	T	J	U	Turdus merula	11065	EU3
KJ438751/EU3/Germany/2011	Usutu	KJ438751	2011-XX-XX	2011	Europe	Germany	Germany	Germany	genbank	Engel et al.	N	T	J	U	Turdus merula	11065	EU3
KJ438752/EU3/Germany/2011	Usutu	KJ438752	2011-XX-XX	2011	Europe	Germany	Germany	Germany	genbank	Engel et al.	N	T	J	U	Turdus merula	11065	EU3
KJ438753/EU3/Germany/2011	Usutu	KJ438753	2011-XX-XX	2011	Europe	Germany	Germany	Germany	genbank	Engel et al.	N	T	J	U	Turdus merula	11065	EU3
KJ438754/EU3/Germany/2012	Usutu	KJ438754	2012-XX-XX	2012	Europe	Germany	Germany	Germany	genbank	Engel et al.	N	T	J	U	Turdus merula	11065	EU3
KJ438755/EU3/Germany/2011	Usutu	KJ438755	2011-XX-XX	2011	Europe	Germany	Germany	Germany	genbank	Engel et al.	N	T	J	U	Turdus philomelos	11065	EU3
KJ438756/EU3/Germany/2011	Usutu	KJ438756	2011-XX-XX	2011	Europe	Germany	Germany	Germany	genbank	Engel et al.	N	T	J	U	Turdus merula	11065	EU3
KJ438757/EU3/Germany/2013	Usutu	KJ438757	2013-XX-XX	2013	Europe	Germany	Germany	Germany	genbank	Engel et al.	N	T	J	U	Turdus merula	11065	EU3
KJ438758/EU3/Germany/2013	Usutu	KJ438758	2013-XX-XX	2013	Europe	Germany	Germany	Germany	genbank	Engel et al.	N	T	J	U	Turdus merula	11065	EU3
KJ438759/EU3/Germany/2011	Usutu	KJ438759	2011-XX-XX	2011	Europe	Germany	Germany	Germany	genbank	Engel et al.	N	T	J	U	Turdus merula	11065	EU3
KJ438760/EU3/Germany/2011	Usutu	KJ438760	2011-XX-XX	2011	Europe	Germany	Germany	Germany	genbank	Engel et al.	N	T	J	U	Turdus merula	11032	EU3
KJ438761/EU3/Germany/2011	Usutu	KJ438761	2011-XX-XX	2011	Europe	Germany	Germany	Germany	genbank	Engel et al.	N	T	J	U	Turdus merula	11065	EU3
KJ438762/EU3/Germany/2011	Usutu	KJ438762	2011-XX-XX	2011	Europe	Germany	Germany	Germany	genbank	Engel et al.	N	T	J	U	Turdus merula	11065	EU3
KJ438763/EU3/Germany/2012	Usutu	KJ438763	2012-XX-XX	2012	Europe	Germany	Germany	Germany	genbank	Engel et al.	N	T	J	U	Turdus merula	11065	EU3
KJ438764/EU3/Germany/2012	Usutu	KJ438764	2012-XX-XX	2012	Europe	Germany	Germany	Germany	genbank	Engel et al.	N	T	J	U	Turdus merula	11046	EU3
KJ438765/EU3/Germany/2011	Usutu	KJ438765	2011-XX-XX	2011	Europe	Germany	Germany	Germany	genbank	Engel et al.	N	T	J	U	Turdus merula	11049	EU3
KJ438766/EU3/Germany/2012	Usutu	KJ438766	2012-XX-XX	2012	Europe	Germany	Germany	Germany	genbank	Engel et al.	N	T	J	U	Turdus merula	11066	EU3
KJ438767/EU3/Germany/2011	Usutu	KJ438767	2011-XX-XX	2011	Europe	Germany	Germany	Germany	genbank	Engel et al.	N	T	J	U	Culex	11065	EU3
KJ438768/EU3/Germany/2013	Usutu	KJ438768	2013-XX-XX	2013	Europe	Germany	Germany	Germany	genbank	Engel et al.	N	T	J	U	Culex	11065	EU3
KJ438769/EU3/Germany/2011	Usutu	KJ438769	2011-XX-XX	2011	Europe	Germany	Germany	Germany	genbank	Engel et al.	N	T	J	U	Turdus merula	11065	EU3
KJ438770/EU3/Germany/2011	Usutu	KJ438770	2011-XX-XX	2011	Europe	Germany	Germany	Germany	genbank	Engel et al.	N	T	J	U	Turdus merula	11065	EU3
KJ438771/EU3/Germany/2013	Usutu	KJ438771	2013-XX-XX	2013	Europe	Germany	Germany	Germany	genbank	Engel et al.	N	T	J	U	Turdus merula	11065	EU3
KJ438772/EU3/Germany/2011	Usutu	KJ438772	2011-XX-XX	2011	Europe	Germany	Germany	Germany	genbank	Engel et al.	N	T	J	U	Turdus merula	11065	EU3
KJ438773/EU3/Germany/2011	Usutu	KJ438773	2011-XX-XX	2011	Europe	Germany	Germany	Germany	genbank	Engel et al.	N	T	J	U	Turdus merula	11065	EU3
KJ438774/EU3/Germany/2012	Usutu	KJ438774	2012-XX-XX	2012	Europe	Germany	Germany	Germany	genbank	Engel et al.	N	T	J	U	Turdus merula	11065	EU3
KJ438775/EU3/Germany/2011	Usutu	KJ438775	2011-XX-XX	2011	Europe	Germany	Germany	Germany	genbank	Engel et al.	N	T	J	U	Turdus merula	11065	EU3
KJ438776/EU3/Germany/2011	Usutu	KJ438776	2011-XX-XX	2011	Europe	Germany	Germany	Germany	genbank	Engel et al.	N	T	J	U	Turdus merula	11065	EU3
KJ438777/EU3/Germany/2011	Usutu	KJ438777	2011-XX-XX	2011	Europe	Germany	Germany	Germany	genbank	Engel et al.	N	T	J	U	Turdus merula	11065	EU3
KJ438778/EU3/Germany/2011	Usutu	KJ438778	2011-XX-XX	2011	Europe	Germany	Germany	Germany	genbank	Engel et al.	N	T	J	U	Turdus merula	11065	EU3
KJ438779/EU3/Germany/2012	Usutu	KJ438779	2012-XX-XX	2012	Europe	Germany	Germany	Germany	genbank	Engel et al.	N	T	J	U	Turdus merula	11060	EU3
KJ438780/EU3/Germany/2011	Usutu	KJ438780	2011-XX-XX	2011	Europe	Germany	Germany	Germany	genbank	Engel et al.	N	T	J	U	Turdus merula	11049	EU3
KJ438781/EU3/Germany/2011	Usutu	KJ438781	2011-XX-XX	2011	Europe	Germany	Germany	Germany	genbank	Engel et al.	N	T	J	U	Turdus merula	11065	EU3
KJ859682/EU3/Germany/2013	Usutu	KJ859682	2013-XX-XX	2013	Europe	Germany	Germany	Germany	genbank	Cadar et al.	N	T	J	U	Pipistrellus pipistrellus	11065	EU3
KJ859683/EU3/Germany/2013	Usutu	KJ859683	2013-XX-XX	2013	Europe	Germany	Germany	Germany	genbank	Cadar et al.	N	T	J	U	Pipistrellus pipistrellus	11065	EU3
KM659877/AF3/Germany/2014	Usutu	KM659877	2014-XX-XX	2014	Europe	Germany	Germany	Germany	genbank	Cadar et al.	N	T	J	U	Turdus merula	11065	AF3
KU573070/EU2/Italy/2013	Usutu	KU573070	2013-XX-XX	2013	Europe	Italy	Italy	Italy	genbank	Calzolari et al.	N	T	J	U	Culex pipiens	10647	EU2
KU573072/EU2/Italy/2013	Usutu	KU573072	2013-XX-XX	2013	Europe	Italy	Italy	Italy	genbank	Calzolari et al.	N	T	J	U	Culex pipiens	10733	EU2
KU573073/EU4/Italy/2013	Usutu	KU573073	2013-XX-XX	2013	Europe	Italy	Italy	Italy	genbank	Calzolari et al.	N	T	J	U	Culex pipiens	10321	EU4
KU573074/EU2/Italy/2013	Usutu	KU573074	2013-XX-XX	2013	Europe	Italy	Italy	Italy	genbank	Calzolari et al.	N	T	J	U	Culex pipiens	10875	EU2
KU573075/EU2/Italy/2014	Usutu	KU573075	2014-XX-XX	2014	Europe	Italy	Italy	Italy	genbank	Calzolari et al.	N	T	J	U	Culex pipiens	10870	EU2
KU573076/EU2/Italy/2014	Usutu	KU573076	2014-XX-XX	2014	Europe	Italy	Italy	Italy	genbank	Calzolari et al.	N	T	J	U	Culex pipiens	10365	EU2
KU664608/AF2/Germany/2015	Usutu	KU664608	2015-XX-XX	2015	Europe	Germany	Germany	Germany	genbank	Ziegler et al.	N	T	J	U	Strix nebulosa	11038	AF2
KU760915/EUx/Spain/2010	Usutu	KU760915	2010-XX-XX	2010	Europe	Spain	Spain	Spain	genbank	Martin-Acebes et al.	N	T	J	U		11064	EUx
KX268471/EUx/Italy/2011	Usutu	KX268471	2011-XX-XX	2011	Europe	Italy	Italy	Italy	genbank	Brioso et al.	N	T	J	U	Culex modestus	11064	EUx
KX268472/EUx/Spain/2009	Usutu	KX268472	2009-XX-XX	2009	Europe	Spain	Spain	Spain	genbank	Brioso et al.	N	T	J	U	Culex perexiguus	11043	EUx
KX555624/EU2/Italy/2010	Usutu	KX555624	2010-XX-XX	2010	Europe	Italy	Italy	Italy	genbank	Lorusso et al.	N	T	J	U	Turdus merula	11035	EU2
KX555625/EU2/Italy/2010	Usutu	KX555625	2010-XX-XX	2010	Europe	Italy	Italy	Italy	genbank	Lorusso et al.	N	T	J	U	Turdus merula	11003	EU2
KX555626/EU2/Italy/2010	Usutu	KX555626	2010-XX-XX	2010	Europe	Italy	Italy	Italy	genbank	Lorusso et al.	N	T	J	U	Turdus merula	11035	EU2
KX555627/EU2/Italy/2010	Usutu	KX555627	2010-XX-XX	2010	Europe	Italy	Italy	Italy	genbank	Lorusso et al.	N	T	J	U	Turdus merula	11008	EU2
KX555628/EU2/Italy/2010	Usutu	KX555628	2010-XX-XX	2010	Europe	Italy	Italy	Italy	genbank	Lorusso et al.	N	T	J	U	Turdus merula	10954	EU2
KX555629/EU4/Italy/2015	Usutu	KX555629	2015-XX-XX	2015	Europe	Italy	Italy	Italy	genbank	Lorusso et al.	N	T	J	U	Turdus merula	11023	EU4
KX601690/EU3/France/2015	Usutu	KX601690	2015-08-10	2015	Europe	France	France	France	genbank	Lecollinet et al.	N	T	J	U	Turdus merula	11024	EU3
KX601691/EU3/France/2015	Usutu	KX601691	2015-08-05	2015	Europe	France	France	France	genbank	Lecollinet et al.	N	T	J	U	Turdus merula	11065	EU3
KX601692/AF2/France/2015	Usutu	KX601692	2015-09-23	2015	Europe	France	France	France	genbank	Lecollinet et al.	N	T	J	U	Turdus merula	10995	AF2
KX816646/EU4/Italy/2010	Usutu	KX816646	2010-08-XX	2010	Europe	Italy	Italy	Italy	genbank	Chiapponi et al.	N	T	J	U	Turdus merula	10203	EU4
KX816647/EU2/Italy/2011	Usutu	KX816647	2011-08-XX	2011	Europe	Italy	Italy	Italy	genbank	Chiapponi et al.	N	T	J	U	Culex pipiens	10869	EU2
KX816648/EU2/Italy/2011	Usutu	KX816648	2011-09-XX	2011	Europe	Italy	Italy	Italy	genbank	Chiapponi et al.	N	T	J	U	Culex pipiens	10214	EU2
KX816649/EU2/Italy/2011	Usutu	KX816649	2011-09-XX	2011	Europe	Italy	Italy	Italy	genbank	Chiapponi et al.	N	T	J	U	Turdus merula	10873	EU2
KX816650/EU2/Italy/2012	Usutu	KX816650	2012-08-XX	2012	Europe	Italy	Italy	Italy	genbank	Chiapponi et al.	N	T	J	U	Culex pipiens	10969	EU2
KX816651/EU2/Italy/2012	Usutu	KX816651	2012-08-XX	2012	Europe	Italy	Italy	Italy	genbank	Chiapponi et al.	N	T	J	U	Culex pipiens	10387	EU2
KX816652/EU2/Italy/2012	Usutu	KX816652	2012-08-XX	2012	Europe	Italy	Italy	Italy	genbank	Chiapponi et al.	N	T	J	U	Culex pipiens	10308	EU2
KX816653/EU4/Italy/2012	Usutu	KX816653	2012-09-XX	2012	Europe	Italy	Italy	Italy	genbank	Chiapponi et al.	N	T	J	U	Culex pipiens	10918	EU4
KX977447/EU3/Belgium/2016	Usutu	KX977447	2016-09-XX	2016	Europe	Belgium	Belgium	Belgium	genbank	Desmecht et al.	N	T	J	U	Turdus merula	10325	EU3
KY128481/EU3/France/2016	Usutu	KY128481	2016-09-22	2016	Europe	France	Sainte Croix	Sainte	genbank	Reusken et al.	N	T	J	U	Strix nebulosa	10475	EU3
KY128482/AF3/Netherlands/2016	Usutu	KY128482	2016-09-XX	2016	Europe	Netherlands	Kerkrade	Kerkrade	genbank	Reusken et al.	N	T	J	U	Strix nebulosa	11052	AF3
KY199556/AF2/Germany/2016	Usutu	KY199556	2016-XX-XX	2016	Europe	Germany	Halle (Saale)	Halle	genbank	Sieg et al.	N	T	J	U	Strix nebulosa	11064	AF2
KY199557/AF3/Germany/2016	Usutu	KY199557	2016-XX-XX	2016	Europe	Germany	Leipzig	Leipzig	genbank	Sieg et al.	N	T	J	U	Turdus merula	11065	AF3
KY199558/EU3/Germany/2016	Usutu	KY199558	2016-XX-XX	2016	Europe	Germany	Dresden	Dresden	genbank	Sieg et al.	N	T	J	U	Turdus merula	11065	EU3
KY263624/EU3/Belgium/2016	Usutu	KY263624	2016-10-XX	2016	Europe	Belgium	Belgium	Belgium	genbank	Cadar et al.	N	T	J	U	Turdus merula	11065	EU3
KY263625/AF3/Belgium/2016	Usutu	KY263625	2016-10-XX	2016	Europe	Belgium	Belgium	Belgium	genbank	Cadar et al.	N	T	J	U	Turdus merula	11066	AF3
KY263626/EU3/Belgium/2016	Usutu	KY263626	2016-09-XX	2016	Europe	Belgium	Belgium	Belgium	genbank	Cadar et al.	N	T	J	U	Turdus merula	11066	EU3
KY294722/AF3/Germany/2016	Usutu	KY294722	2016-XX-XX	2016	Europe	Germany	Germany	Germany	genbank	Ziegler et al.	N	T	J	U	Turdus merula	10973	AF3
KY294723/AF3/Germany/2016	Usutu	KY294723	2016-XX-XX	2016	Europe	Germany	Germany	Germany	genbank	Ziegler et al.	N	T	J	U	Turdus merula	11053	AF3
KY315178/EU3/Belgium/2016	Usutu	KY315178	2016-10-03	2016	Europe	Belgium	Belgium	Belgium	genbank	Van Borm et al.	N	T	J	U	Gracula religiosa	10959	EU3
KY426750/EU3/Germany/2015	Usutu	KY426750	2015-10-07	2015	Europe	Germany	Germany	Germany	genbank	Cadar et al.	N	T	J	U	Turdus merula	10962	EU3
KY426751/EU3/Germany/2015	Usutu	KY426751	2015-09-01	2015	Europe	Germany	Germany	Germany	genbank	Cadar et al.	N	T	J	U	Turdus pilaris	10954	EU3
KY426752/EU3/Germany/2015	Usutu	KY426752	2015-08-18	2015	Europe	Germany	Germany	Germany	genbank	Cadar et al.	N	T	J	U	Turdus merula	10948	EU3
KY426753/EU3/Germany/2015	Usutu	KY426753	2015-08-18	2015	Europe	Germany	Germany	Germany	genbank	Cadar et al.	N	T	J	U	Turdus merula	10951	EU3
KY426754/AF3/Germany/2015	Usutu	KY426754	2015-09-09	2015	Europe	Germany	Germany	Germany	genbank	Cadar et al.	N	T	J	U	Turdus merula	10689	AF3
KY426755/EU3/Germany/2016	Usutu	KY426755	2016-09-19	2016	Europe	Germany	Germany	Germany	genbank	Cadar et al.	N	T	J	U	Turdus merula	11009	EU3
KY426756/EU3/Germany/2016	Usutu	KY426756	2016-09-23	2016	Europe	Germany	Germany	Germany	genbank	Cadar et al.	N	T	J	U	Turdus merula	11021	EU3
KY426757/AF3/Germany/2016	Usutu	KY426757	2016-09-23	2016	Europe	Germany	Germany	Germany	genbank	Cadar et al.	N	T	J	U	Turdus merula	11115	AF3
KY426758/AF2/Germany/2016	Usutu	KY426758	2016-09-25	2016	Europe	Germany	Germany	Germany	genbank	Cadar et al.	N	T	J	U	Turdus merula	10964	AF2
KY426759/EU3/Germany/2016	Usutu	KY426759	2016-09-12	2016	Europe	Germany	Germany	Germany	genbank	Cadar et al.	N	T	J	U	Turdus merula	11016	EU3
KY426760/EU3/Germany/2016	Usutu	KY426760	2016-09-29	2016	Europe	Germany	Germany	Germany	genbank	Cadar et al.	N	T	J	U	Turdus merula	11019	EU3
KY426761/AF3/Germany/2016	Usutu	KY426761	2016-09-04	2016	Europe	Germany	Germany	Germany	genbank	Cadar et al.	N	T	J	U	Turdus merula	10945	AF3
KY426762/EU3/Germany/2016	Usutu	KY426762	2016-09-26	2016	Europe	Germany	Germany	Germany	genbank	Cadar et al.	N	T	J	U	Turdus merula	10883	EU3
KY426763/EU3/Germany/2016	Usutu	KY426763	2016-09-24	2016	Europe	Germany	Germany	Germany	genbank	Cadar et al.	N	T	J	U	Turdus merula	10976	EU3
KY426764/AF3/Germany/2016	Usutu	KY426764	2016-10-04	2016	Europe	Germany	Germany	Germany	genbank	Cadar et al.	N	T	J	U	Turdus merula	10978	AF3
KY426765/AF3/Germany/2016	Usutu	KY426765	2016-09-30	2016	Europe	Germany	Germany	Germany	genbank	Cadar et al.	N	T	J	U	Turdus merula	10888	AF3
KY426766/EU3/Germany/2016	Usutu	KY426766	2016-10-11	2016	Europe	Germany	Germany	Germany	genbank	Cadar et al.	N	T	J	U	Turdus merula	10990	EU3
KY426767/EU3/Germany/2016	Usutu	KY426767	2016-10-14	2016	Europe	Germany	Germany	Germany	genbank	Cadar et al.	N	T	J	U	Turdus merula	11042	EU3
KY426768/EU3/Germany/2016	Usutu	KY426768	2016-10-12	2016	Europe	Germany	Germany	Germany	genbank	Cadar et al.	N	T	J	U	Turdus merula	11042	EU3
KY426769/EU3/Germany/2016	Usutu	KY426769	2016-09-20	2016	Europe	Germany	Germany	Germany	genbank	Cadar et al.	N	T	J	U	Turdus merula	11027	EU3
KY426770/EU3/Germany/2016	Usutu	KY426770	2016-09-20	2016	Europe	Germany	Germany	Germany	genbank	Cadar et al.	N	T	J	U	Turdus merula	10960	EU3
KY501101/EUx/Germany/2016	Usutu	KY501101	2016-09-26	2016	Europe	Germany	Aachen	Aachen	genbank	Cadar et al.	N	T	J	U	Homo sapiens	10397	EUx
LR989886/EUx/Germany/2018	Usutu	LR989886	2018-XX-XX	2018	Europe	Germany	Germany	Germany	genbank	#N/A	N	T	J	U	Bubo scandiacus	10986	EUx
LR989887/EUx/Germany/2018	Usutu	LR989887	2018-XX-XX	2018	Europe	Germany	Germany	Germany	genbank	#N/A	N	T	J	U	Bubo scandiacus	10991	EUx
LR989889/EUx/Germany/2019	Usutu	LR989889	2019-XX-XX	2019	Europe	Germany	Germany	Germany	genbank	#N/A	N	T	J	U	Mergus squamatus	10932	EUx
LR989890/EUx/Germany/2019	Usutu	LR989890	2019-XX-XX	2019	Europe	Germany	Germany	Germany	genbank	#N/A	N	T	J	U	Parus major	11000	EUx
LR989892/EUx/Germany/2019	Usutu	LR989892	2019-XX-XX	2019	Europe	Germany	Germany	Germany	genbank	#N/A	N	T	J	U	Larus crassirostris	10932	EUx
LR989894/EUx/Germany/2019	Usutu	LR989894	2019-XX-XX	2019	Europe	Germany	Germany	Germany	genbank	#N/A	N	T	J	U	Larus crassirostris	10932	EUx
MF063042/EU2/Austria/2016	Usutu	MF063042	2016-09-29	2016	Europe	Austria	Fishamend	Fishamend	genbank	Bakonyi et al.	N	T	J	U	Turdus merula	11062	EU2
MF063043/EU2/Hungary/2016	Usutu	MF063043	2016-09-26	2016	Europe	Hungary	Zalaegerszeg	Zalaegerszeg	genbank	Bakonyi et al.	N	T	J	U	Turdus merula	10845	EU2
MF374485/AF2/SouthAfrica/1959	Usutu	MF374485	1959-02-06	1959	Africa	SouthAfrica	SouthAfrica	SouthAfrica	genbank	Baronti et al.	N	T	J	U	Homo sapiens	11015	AF2
MF991886/EU2/Austria/2017	Usutu	MF991886	2017-07-24	2017	Europe	Austria	Austria	Austria	genbank	Bakonyi et al.	N	T	J	U	Homo sapiens	10792	EU2
MG461306/EU5/Israel/2015	Usutu	MG461306	2015-06-30	2015	Middle-East	Israel	Israel	Israel	genbank	Lustig et al.	N	T	J	U	Culex perexiguus	11042	EU5
MG461307/EU5/Israel/2015	Usutu	MG461307	2015-09-08	2015	Middle-East	Israel	Israel	Israel	genbank	Lustig et al.	N	T	J	U	Culex pipiens	11042	EU5
MG461308/EU5/Israel/2015	Usutu	MG461308	2015-09-21	2015	Middle-East	Israel	Israel	Israel	genbank	Lustig et al.	N	T	J	U	Aedes albopictus	11042	EU5
MG461309/EU5/Israel/2004	Usutu	MG461309	2004-07-14	2004	Middle-East	Israel	Israel	Israel	genbank	Lustig et al.	N	T	J	U	Culex pipiens	11017	EU5
MG461310/EU5/Israel/2004	Usutu	MG461310	2004-08-24	2004	Middle-East	Israel	Israel	Israel	genbank	Lustig et al.	N	T	J	U	Culex perexiguus	11035	EU5
MG461311/EU5/Israel/2004	Usutu	MG461311	2004-09-23	2004	Middle-East	Israel	Israel	Israel	genbank	Lustig et al.	N	T	J	U	Culex pipiens	11021	EU5
MG461312/EU5/Israel/2004	Usutu	MG461312	2004-09-27	2004	Middle-East	Israel	Israel	Israel	genbank	Lustig et al.	N	T	J	U	Culex perexiguus	11028	EU5
MG461313/EU5/Israel/2015	Usutu	MG461313	2015-09-08	2015	Middle-East	Israel	Israel	Israel	genbank	Lustig et al.	N	T	J	U	Culex perexiguus	11000	EU5
MG888044/EU1/Serbia/2014	Usutu	MG888044	2014-08-XX	2014	Europe	Serbia	Serbia	Serbia	genbank	Kemenesi et al.	N	T	J	U	Culex pipiens	10361	EU1
MH727238/AF2/Senegal/2013	Usutu	MH727238	2013-10-23	2013	Africa	Senegal	Senegal	Senegal	genbank	Diagne et al.	N	T	J	U	Mastomys natalensis	10853	AF2
MH727239/AF2/Senegal/2013	Usutu	MH727239	2013-10-23	2013	Africa	Senegal	Senegal	Senegal	genbank	Diagne et al.	N	T	J	U	Mastomys natalensis	10841	AF2
MH727240/AF2/Senegal/2013	Usutu	MH727240	2013-10-23	2013	Africa	Senegal	Senegal	Senegal	genbank	Diagne et al.	N	T	J	U	Crocidura	10841	AF2
MH727241/AF2/Senegal/2013	Usutu	MH727241	2013-10-24	2013	Africa	Senegal	Senegal	Senegal	genbank	Diagne et al.	N	T	J	U	Mastomys natalensis	10843	AF2
MH727242/AF2/Senegal/2013	Usutu	MH727242	2013-10-24	2013	Africa	Senegal	Senegal	Senegal	genbank	Diagne et al.	N	T	J	U	Rattus rattus	10495	AF2
MH891847/AF3/Netherlands/2016	Usutu	MH891847	2016-09-07	2016	Europe	Netherlands	Netherlands	Netherlands	genbank	Reusken et al.	N	T	J	U	Turdus merula	10518	AF3
MK230890/EU3/Belgium/2017	Usutu	MK230890	2017-08-XX	2017	Europe	Belgium	Belgium	Belgium	genbank	Benzarti et al.	N	T	J	U	Turdus merula	11065	EU3
MK230891/AF3/Belgium/2017	Usutu	MK230891	2017-08-XX	2017	Europe	Belgium	Belgium	Belgium	genbank	Benzarti et al.	N	T	J	U	Turdus merula	11065	AF3
MK230892/EU3/Belgium/2017	Usutu	MK230892	2017-08-XX	2017	Europe	Belgium	Belgium	Belgium	genbank	Benzarti et al.	N	T	J	U	Turdus merula	11065	EU3
MK230893/AF3/Belgium/2017	Usutu	MK230893	2017-08-XX	2017	Europe	Belgium	Belgium	Belgium	genbank	Benzarti et al.	N	T	J	U	Turdus merula	11065	AF3
MK419834/AF3/Belgium/2018	Usutu	MK419834	2018-08-XX	2018	Europe	Belgium	Belgium	Belgium	genbank	Benzarti et al.	N	T	J	U	Melanitta nigra	11066	AF3
MK796168/EU3/Netherlands/2016	Usutu	MK796168	2016-09-13	2016	Europe	Netherlands	Netherlands	Netherlands	genbank	Oude Munnink et al.	N	T	J	U	Strix nebulosa	10828	EU3
MK796169/EU3/Netherlands/2016	Usutu	MK796169	2016-09-20	2016	Europe	Netherlands	Netherlands	Netherlands	genbank	Oude Munnink et al.	N	T	J	U	Strix nebulosa	10932	EU3
MN122145/AF3/Netherlands/2016	Usutu	MN122145	2016-09-01	2016	Europe	Netherlands	Gennep	Gennep	genbank	Oude Munnink et al.	N	T	J	U	Turdus merula	10932	AF3
MN122146/AF3/Netherlands/2016	Usutu	MN122146	2016-09-06	2016	Europe	Netherlands	Andelst	Andelst	genbank	Oude Munnink et al.	N	T	J	U	Turdus merula	10932	AF3
MN122147/AF3/Netherlands/2016	Usutu	MN122147	2016-09-07	2016	Europe	Netherlands	Venlo	Venlo	genbank	Oude Munnink et al.	N	T	J	U	Turdus merula	10332	AF3
MN122148/AF3/Netherlands/2016	Usutu	MN122148	2016-09-07	2016	Europe	Netherlands	Lierop	Lierop	genbank	Oude Munnink et al.	N	T	J	U	Turdus merula	10932	AF3
MN122149/AF3/Netherlands/2016	Usutu	MN122149	2016-09-07	2016	Europe	Netherlands	Lierop	Lierop	genbank	Oude Munnink et al.	N	T	J	U	Turdus merula	10932	AF3
MN122150/AF3/Netherlands/2016	Usutu	MN122150	2016-09-07	2016	Europe	Netherlands	Ottersum	Ottersum	genbank	Oude Munnink et al.	N	T	J	U	Turdus merula	10932	AF3
MN122151/AF3/Netherlands/2016	Usutu	MN122151	2016-09-08	2016	Europe	Netherlands	St. Agatha	St.	genbank	Oude Munnink et al.	N	T	J	U	Turdus merula	10932	AF3
MN122152/EU3/Netherlands/2016	Usutu	MN122152	2016-09-12	2016	Europe	Netherlands	Zevenaar	Zevenaar	genbank	Oude Munnink et al.	N	T	J	U	Turdus merula	10932	EU3
MN122153/AF3/Netherlands/2016	Usutu	MN122153	2016-09-13	2016	Europe	Netherlands	Andelst	Andelst	genbank	Oude Munnink et al.	N	T	J	U	Turdus merula	10932	AF3
MN122154/EU3/Netherlands/2016	Usutu	MN122154	2016-09-20	2016	Europe	Netherlands	Vlijmen	Vlijmen	genbank	Oude Munnink et al.	N	T	J	U	Turdus merula	10932	EU3
MN122155/AF3/Netherlands/2016	Usutu	MN122155	2016-09-21	2016	Europe	Netherlands	Klarenbeek	Klarenbeek	genbank	Oude Munnink et al.	N	T	J	U	Turdus merula	10932	AF3
MN122156/AF3/Netherlands/2016	Usutu	MN122156	2016-09-21	2016	Europe	Netherlands	Uden	Uden	genbank	Oude Munnink et al.	N	T	J	U	Turdus merula	10932	AF3
MN122157/AF3/Netherlands/2016	Usutu	MN122157	2016-09-22	2016	Europe	Netherlands	BeekEnDonk	BeekEnDonk	genbank	Oude Munnink et al.	N	T	J	U	Turdus merula	10932	AF3
MN122158/EU3/Netherlands/2016	Usutu	MN122158	2016-09-22	2016	Europe	Netherlands	Heino	Heino	genbank	Oude Munnink et al.	N	T	J	U	Turdus merula	10932	EU3
MN122159/AF3/Netherlands/2016	Usutu	MN122159	2016-09-22	2016	Europe	Netherlands	Wernhout	Wernhout	genbank	Oude Munnink et al.	N	T	J	U	Turdus merula	10932	AF3
MN122160/AF3/Netherlands/2016	Usutu	MN122160	2016-09-22	2016	Europe	Netherlands	Reek	Reek	genbank	Oude Munnink et al.	N	T	J	U	Turdus merula	10932	AF3
MN122161/AF3/Netherlands/2016	Usutu	MN122161	2016-09-22	2016	Europe	Netherlands	Houten	Houten	genbank	Oude Munnink et al.	N	T	J	U	Turdus merula	10932	AF3
MN122162/AF3/Netherlands/2016	Usutu	MN122162	2016-09-22	2016	Europe	Netherlands	DeBilt	DeBilt	genbank	Oude Munnink et al.	N	T	J	U	Turdus merula	10932	AF3
MN122163/AF3/Netherlands/2016	Usutu	MN122163	2016-09-22	2016	Europe	Netherlands	Haarzuilens	Haarzuilens	genbank	Oude Munnink et al.	N	T	J	U	Turdus merula	10932	AF3
MN122164/AF3/Netherlands/2016	Usutu	MN122164	2016-09-23	2016	Europe	Netherlands	Westervoort	Westervoort	genbank	Oude Munnink et al.	N	T	J	U	Turdus merula	10932	AF3
MN122165/AF3/Netherlands/2016	Usutu	MN122165	2016-09-23	2016	Europe	Netherlands	Devexer	Devexer	genbank	Oude Munnink et al.	N	T	J	U	Turdus merula	10932	AF3
MN122166/EU3/Netherlands/2016	Usutu	MN122166	2016-09-23	2016	Europe	Netherlands	Overdinkel	Overdinkel	genbank	Oude Munnink et al.	N	T	J	U	Turdus merula	10932	EU3
MN122167/AF3/Netherlands/2016	Usutu	MN122167	2016-09-23	2016	Europe	Netherlands	Arnhem	Arnhem	genbank	Oude Munnink et al.	N	T	J	U	Turdus merula	10932	AF3
MN122168/AF3/Netherlands/2016	Usutu	MN122168	2016-09-23	2016	Europe	Netherlands	Nieuwegein	Nieuwegein	genbank	Oude Munnink et al.	N	T	J	U	Turdus merula	10932	AF3
MN122169/AF3/Netherlands/2016	Usutu	MN122169	2016-10-07	2016	Europe	Netherlands	Doetichem	Doetichem	genbank	Oude Munnink et al.	N	T	J	U	Turdus merula	10932	AF3
MN122170/EU3/Netherlands/2016	Usutu	MN122170	2016-10-11	2016	Europe	Netherlands	Reimerswaal	Reimerswaal	genbank	Oude Munnink et al.	N	T	J	U	Turdus merula	10932	EU3
MN122171/EUx/Netherlands/2016	Usutu	MN122171	2016-10-05	2016	Europe	Netherlands	Lelystad	Lelystad	genbank	Oude Munnink et al.	N	T	J	U	Turdus merula	10932	EUx
MN122172/EU3/Netherlands/2016	Usutu	MN122172	2016-09-22	2016	Europe	Netherlands	Haarzuilens	Haarzuilens	genbank	Oude Munnink et al.	N	T	J	U	Turdus merula	10932	EU3
MN122173/AF3/Netherlands/2016	Usutu	MN122173	2016-09-30	2016	Europe	Netherlands	Hilversum	Hilversum	genbank	Oude Munnink et al.	N	T	J	U	Turdus merula	10932	AF3
MN122174/EU3/Netherlands/2016	Usutu	MN122174	2016-09-27	2016	Europe	Netherlands	MiddenDrexhe	MiddenDrexhe	genbank	Oude Munnink et al.	N	T	J	U	Turdus merula	10932	EU3
MN122175/AF3/Netherlands/2016	Usutu	MN122175	2016-09-27	2016	Europe	Netherlands	Zutphen	Zutphen	genbank	Oude Munnink et al.	N	T	J	U	Turdus merula	10932	AF3
MN122176/EU3/Netherlands/2016	Usutu	MN122176	2016-09-30	2016	Europe	Netherlands	Terneuzen	Terneuzen	genbank	Oude Munnink et al.	N	T	J	U	Turdus merula	10932	EU3
MN122177/EU3/Netherlands/2016	Usutu	MN122177	2016-09-27	2016	Europe	Netherlands	Landgraaf	Landgraaf	genbank	Oude Munnink et al.	N	T	J	U	Turdus merula	10932	EU3
MN122178/AF3/Netherlands/2016	Usutu	MN122178	2016-09-30	2016	Europe	Netherlands	Enschede	Enschede	genbank	Oude Munnink et al.	N	T	J	U	Turdus merula	10932	AF3
MN122179/EU3/Netherlands/2016	Usutu	MN122179	2016-09-30	2016	Europe	Netherlands	Nederlek	Nederlek	genbank	Oude Munnink et al.	N	T	J	U	Turdus merula	10932	EU3
MN122180/AF3/Netherlands/2016	Usutu	MN122180	2016-09-27	2016	Europe	Netherlands	streekDeLiemers	streekDeLiemers	genbank	Oude Munnink et al.	N	T	J	U	Turdus merula	10932	AF3
MN122181/EU3/Netherlands/2016	Usutu	MN122181	2016-09-27	2016	Europe	Netherlands	DeRondeVenen	DeRondeVenen	genbank	Oude Munnink et al.	N	T	J	U	Turdus merula	10932	EU3
MN122182/AF3/Netherlands/2016	Usutu	MN122182	2016-09-26	2016	Europe	Netherlands	Ingen	Ingen	genbank	Oude Munnink et al.	N	T	J	U	Turdus merula	10932	AF3
MN122183/AF3/Netherlands/2016	Usutu	MN122183	2016-09-25	2016	Europe	Netherlands	Langbroek	Langbroek	genbank	Oude Munnink et al.	N	T	J	U	Turdus merula	10932	AF3
MN122184/AF3/Netherlands/2016	Usutu	MN122184	2016-09-27	2016	Europe	Netherlands	Oss	Oss	genbank	Oude Munnink et al.	N	T	J	U	Turdus merula	10932	AF3
MN122185/AF3/Netherlands/2016	Usutu	MN122185	2016-10-03	2016	Europe	Netherlands	Oss	Oss	genbank	Oude Munnink et al.	N	T	J	U	Turdus merula	10932	AF3
MN122186/AF3/Netherlands/2016	Usutu	MN122186	2016-09-28	2016	Europe	Netherlands	Oss	Oss	genbank	Oude Munnink et al.	N	T	J	U	Turdus merula	10932	AF3
MN122187/AF3/Netherlands/2016	Usutu	MN122187	2016-09-27	2016	Europe	Netherlands	Schaik	Schaik	genbank	Oude Munnink et al.	N	T	J	U	Turdus merula	10932	AF3
MN122188/EU3/Netherlands/2017	Usutu	MN122188	2017-04-11	2017	Europe	Netherlands	Westvoort	Westvoort	genbank	Oude Munnink et al.	N	T	J	U	Turdus merula	10932	EU3
MN122189/EU3/Netherlands/2017	Usutu	MN122189	2017-07-03	2017	Europe	Netherlands	Best	Best	genbank	Oude Munnink et al.	N	T	J	U	Turdus merula	10932	EU3
MN122190/EU3/Netherlands/2017	Usutu	MN122190	2017-07-05	2017	Europe	Netherlands	Bilthoven	Bilthoven	genbank	Oude Munnink et al.	N	T	J	U	Turdus merula	10932	EU3
MN122191/AF3/Netherlands/2017	Usutu	MN122191	2017-07-05	2017	Europe	Netherlands	Bunnik	Bunnik	genbank	Oude Munnink et al.	N	T	J	U	Turdus merula	10932	AF3
MN122192/EU3/Netherlands/2017	Usutu	MN122192	2017-07-11	2017	Europe	Netherlands	Best	Best	genbank	Oude Munnink et al.	N	T	J	U	Turdus merula	10932	EU3
MN122193/AF3/Netherlands/2017	Usutu	MN122193	2017-07-11	2017	Europe	Netherlands	Zutphen	Zutphen	genbank	Oude Munnink et al.	N	T	J	U	Turdus merula	10932	AF3
MN122194/AF3/Netherlands/2017	Usutu	MN122194	2017-07-13	2017	Europe	Netherlands	Doetinchem	Doetinchem	genbank	Oude Munnink et al.	N	T	J	U	Turdus merula	10932	AF3
MN122195/AF3/Netherlands/2017	Usutu	MN122195	2017-07-14	2017	Europe	Netherlands	Rosmalen	Rosmalen	genbank	Oude Munnink et al.	N	T	J	U	Turdus merula	10932	AF3
MN122196/EU3/Netherlands/2017	Usutu	MN122196	2017-07-19	2017	Europe	Netherlands	Gelmonde	Gelmonde	genbank	Oude Munnink et al.	N	T	J	U	Turdus merula	10932	EU3
MN122197/AF3/Netherlands/2017	Usutu	MN122197	2017-07-25	2017	Europe	Netherlands	Soest	Soest	genbank	Oude Munnink et al.	N	T	J	U	Turdus merula	10932	AF3
MN122198/EU3/Netherlands/2017	Usutu	MN122198	2017-07-25	2017	Europe	Netherlands	Bennekom	Bennekom	genbank	Oude Munnink et al.	N	T	J	U	Turdus merula	10932	EU3
MN122199/AF3/Netherlands/2017	Usutu	MN122199	2017-07-27	2017	Europe	Netherlands	Enschede	Enschede	genbank	Oude Munnink et al.	N	T	J	U	Turdus merula	10932	AF3
MN122200/AF3/Netherlands/2017	Usutu	MN122200	2017-08-03	2017	Europe	Netherlands	Huizen	Huizen	genbank	Oude Munnink et al.	N	T	J	U	Turdus merula	10932	AF3
MN122201/AF3/Netherlands/2017	Usutu	MN122201	2017-08-01	2017	Europe	Netherlands	Koekange	Koekange	genbank	Oude Munnink et al.	N	T	J	U	Turdus merula	10932	AF3
MN122202/AF3/Netherlands/2017	Usutu	MN122202	2017-08-01	2017	Europe	Netherlands	Enschede	Enschede	genbank	Oude Munnink et al.	N	T	J	U	Turdus merula	10932	AF3
MN122203/EU3/Netherlands/2017	Usutu	MN122203	2017-07-30	2017	Europe	Netherlands	Grenspad	Grenspad	genbank	Oude Munnink et al.	N	T	J	U	Turdus merula	10932	EU3
MN122204/AF3/Netherlands/2017	Usutu	MN122204	2017-08-16	2017	Europe	Netherlands	Lelystad	Lelystad	genbank	Oude Munnink et al.	N	T	J	U	Turdus merula	10932	AF3
MN122205/AF3/Netherlands/2017	Usutu	MN122205	2017-07-19	2017	Europe	Netherlands	Ijsselstein	Ijsselstein	genbank	Oude Munnink et al.	N	T	J	U	Turdus merula	10932	AF3
MN122206/AF3/Netherlands/2017	Usutu	MN122206	2017-08-10	2017	Europe	Netherlands	Almere	Almere	genbank	Oude Munnink et al.	N	T	J	U	Turdus merula	10932	AF3
MN122207/EUx/Netherlands/2017	Usutu	MN122207	2017-09-01	2017	Europe	Netherlands	Almere	Almere	genbank	Oude Munnink et al.	N	T	J	U	Turdus merula	10932	EUx
MN122208/AF3/Netherlands/2017	Usutu	MN122208	2017-08-25	2017	Europe	Netherlands	Almere	Almere	genbank	Oude Munnink et al.	N	T	J	U	Turdus merula	10932	AF3
MN122209/AF3/Netherlands/2017	Usutu	MN122209	2017-08-29	2017	Europe	Netherlands	Utrecht	Utrecht	genbank	Oude Munnink et al.	N	T	J	U	Turdus merula	10932	AF3
MN122210/AF3/Netherlands/2017	Usutu	MN122210	2017-09-15	2017	Europe	Netherlands	Epe	Epe	genbank	Oude Munnink et al.	N	T	J	U	Turdus merula	10932	AF3
MN122211/AF3/Netherlands/2017	Usutu	MN122211	2017-09-13	2017	Europe	Netherlands	Zoeterwoude	Zoeterwoude	genbank	Oude Munnink et al.	N	T	J	U	Turdus merula	10932	AF3
MN122212/AF3/Netherlands/2017	Usutu	MN122212	2017-09-14	2017	Europe	Netherlands	Eext	Eext	genbank	Oude Munnink et al.	N	T	J	U	Turdus merula	10932	AF3
MN122213/EU3/Netherlands/2017	Usutu	MN122213	2017-09-20	2017	Europe	Netherlands	HardinxveldGiessendam	HardinxveldGiessendam	genbank	Oude Munnink et al.	N	T	J	U	Turdus merula	10902	EU3
MN122214/AF3/Netherlands/2017	Usutu	MN122214	2017-09-22	2017	Europe	Netherlands	Hilversum	Hilversum	genbank	Oude Munnink et al.	N	T	J	U	Turdus merula	10932	AF3
MN122215/EU3/Netherlands/2017	Usutu	MN122215	2017-09-11	2017	Europe	Netherlands	Eastermar	Eastermar	genbank	Oude Munnink et al.	N	T	J	U	Turdus merula	10932	EU3
MN122216/AF3/Netherlands/2018	Usutu	MN122216	2018-07-27	2018	Europe	Netherlands	Naarden	Naarden	genbank	Oude Munnink et al.	N	T	J	U	Turdus merula	10932	AF3
MN122217/AF3/Netherlands/2018	Usutu	MN122217	2018-07-27	2018	Europe	Netherlands	Naarden	Naarden	genbank	Oude Munnink et al.	N	T	J	U	Turdus merula	10932	AF3
MN122218/AF3/Netherlands/2018	Usutu	MN122218	2018-07-31	2018	Europe	Netherlands	Spijk	Spijk	genbank	Oude Munnink et al.	N	T	J	U	Turdus merula	10932	AF3
MN122219/AF3/Netherlands/2018	Usutu	MN122219	2018-08-01	2018	Europe	Netherlands	Middelburg	Middelburg	genbank	Oude Munnink et al.	N	T	J	U	Turdus merula	10932	AF3
MN122220/AF3/Netherlands/2018	Usutu	MN122220	2018-08-01	2018	Europe	Netherlands	Wierden	Wierden	genbank	Oude Munnink et al.	N	T	J	U	Turdus merula	10932	AF3
MN122221/AF3/Netherlands/2018	Usutu	MN122221	2018-08-01	2018	Europe	Netherlands	Losser	Losser	genbank	Oude Munnink et al.	N	T	J	U	Turdus merula	10932	AF3
MN122222/AF3/Netherlands/2018	Usutu	MN122222	2018-08-02	2018	Europe	Netherlands	Rijswijk	Rijswijk	genbank	Oude Munnink et al.	N	T	J	U	Turdus merula	10932	AF3
MN122223/AF3/Netherlands/2018	Usutu	MN122223	2018-08-02	2018	Europe	Netherlands	Ermelo	Ermelo	genbank	Oude Munnink et al.	N	T	J	U	Turdus merula	10932	AF3
MN122224/AF3/Netherlands/2018	Usutu	MN122224	2018-08-02	2018	Europe	Netherlands	Ermelo	Ermelo	genbank	Oude Munnink et al.	N	T	J	U	Turdus merula	10932	AF3
MN122225/AF3/Netherlands/2018	Usutu	MN122225	2018-08-02	2018	Europe	Netherlands	Rotterdam	Rotterdam	genbank	Oude Munnink et al.	N	T	J	U	Turdus merula	10932	AF3
MN122226/AF3/Netherlands/2018	Usutu	MN122226	2018-08-03	2018	Europe	Netherlands	Leiden	Leiden	genbank	Oude Munnink et al.	N	T	J	U	Turdus merula	10932	AF3
MN122227/AF3/Netherlands/2018	Usutu	MN122227	2018-08-03	2018	Europe	Netherlands	Bilthoven	Bilthoven	genbank	Oude Munnink et al.	N	T	J	U	Turdus merula	10932	AF3
MN122228/AF3/Netherlands/2018	Usutu	MN122228	2018-08-06	2018	Europe	Netherlands	Middelburg	Middelburg	genbank	Oude Munnink et al.	N	T	J	U	Turdus merula	10932	AF3
MN122229/EUx/Netherlands/2018	Usutu	MN122229	2018-08-03	2018	Europe	Netherlands	Oldambt	Oldambt	genbank	Oude Munnink et al.	N	T	J	U	Turdus merula	10932	EUx
MN122230/AF3/Netherlands/2018	Usutu	MN122230	2018-08-07	2018	Europe	Netherlands	Noordosterpolder	Noordosterpolder	genbank	Oude Munnink et al.	N	T	J	U	Turdus merula	10932	AF3
MN122231/AF3/Netherlands/2018	Usutu	MN122231	2018-08-07	2018	Europe	Netherlands	Venlo	Venlo	genbank	Oude Munnink et al.	N	T	J	U	Turdus merula	10932	AF3
MN122232/AF3/Netherlands/2018	Usutu	MN122232	2018-08-07	2018	Europe	Netherlands	Tynaarlo	Tynaarlo	genbank	Oude Munnink et al.	N	T	J	U	Turdus merula	10932	AF3
MN122233/AF3/Netherlands/2018	Usutu	MN122233	2018-08-09	2018	Europe	Netherlands	Noordenveld	Noordenveld	genbank	Oude Munnink et al.	N	T	J	U	Turdus merula	10932	AF3
MN122234/AF3/Netherlands/2018	Usutu	MN122234	2018-08-10	2018	Europe	Netherlands	Raalte	Raalte	genbank	Oude Munnink et al.	N	T	J	U	Turdus merula	10932	AF3
MN122235/EU3/Netherlands/2018	Usutu	MN122235	2018-08-14	2018	Europe	Netherlands	Boekel	Boekel	genbank	Oude Munnink et al.	N	T	J	U	Turdus merula	10932	EU3
MN122236/AF3/Netherlands/2018	Usutu	MN122236	2018-08-14	2018	Europe	Netherlands	Westland	Westland	genbank	Oude Munnink et al.	N	T	J	U	Turdus merula	10932	AF3
MN122237/AF3/Netherlands/2018	Usutu	MN122237	2018-08-15	2018	Europe	Netherlands	Noordoostpolder	Noordoostpolder	genbank	Oude Munnink et al.	N	T	J	U	Turdus merula	10932	AF3
MN122238/AF3/Netherlands/2018	Usutu	MN122238	2018-08-15	2018	Europe	Netherlands	Midden Groningen	Midden	genbank	Oude Munnink et al.	N	T	J	U	Turdus merula	10932	AF3
MN122239/AF3/Netherlands/2018	Usutu	MN122239	2018-08-16	2018	Europe	Netherlands	Groningen	Groningen	genbank	Oude Munnink et al.	N	T	J	U	Turdus merula	10932	AF3
MN122240/AF3/Netherlands/2018	Usutu	MN122240	2018-08-16	2018	Europe	Netherlands	Den Haag	Den	genbank	Oude Munnink et al.	N	T	J	U	Turdus merula	10932	AF3
MN122241/AF3/Netherlands/2018	Usutu	MN122241	2018-08-17	2018	Europe	Netherlands	Utrechtse Heuvelrug	Utrechtse	genbank	Oude Munnink et al.	N	T	J	U	Turdus merula	10932	AF3
MN122242/AF3/Netherlands/2018	Usutu	MN122242	2018-08-17	2018	Europe	Netherlands	Heerenveen	Heerenveen	genbank	Oude Munnink et al.	N	T	J	U	Turdus merula	10932	AF3
MN122243/AF3/Netherlands/2018	Usutu	MN122243	2018-08-21	2018	Europe	Netherlands	Tytsjerksteradiel	Tytsjerksteradiel	genbank	Oude Munnink et al.	N	T	J	U	Turdus merula	10932	AF3
MN122244/AF3/Netherlands/2018	Usutu	MN122244	2018-08-21	2018	Europe	Netherlands	Tytsjerksteradiel	Tytsjerksteradiel	genbank	Oude Munnink et al.	N	T	J	U	Turdus merula	10932	AF3
MN122245/AF3/Netherlands/2018	Usutu	MN122245	2018-08-22	2018	Europe	Netherlands	Westerveld	Westerveld	genbank	Oude Munnink et al.	N	T	J	U	Turdus merula	10932	AF3
MN122246/AF3/Netherlands/2018	Usutu	MN122246	2018-08-22	2018	Europe	Netherlands	Hardenberg	Hardenberg	genbank	Oude Munnink et al.	N	T	J	U	Turdus merula	10932	AF3
MN122247/AF3/Netherlands/2018	Usutu	MN122247	2018-08-22	2018	Europe	Netherlands	Groningen	Groningen	genbank	Oude Munnink et al.	N	T	J	U	Turdus merula	10932	AF3
MN122248/AF3/Netherlands/2018	Usutu	MN122248	2018-08-22	2018	Europe	Netherlands	Zuidhorn	Zuidhorn	genbank	Oude Munnink et al.	N	T	J	U	Turdus merula	10932	AF3
MN122249/AF3/Netherlands/2018	Usutu	MN122249	2018-08-23	2018	Europe	Netherlands	Lochem	Lochem	genbank	Oude Munnink et al.	N	T	J	U	Turdus merula	10932	AF3
MN122250/AF3/Netherlands/2018	Usutu	MN122250	2018-08-30	2018	Europe	Netherlands	Bloemendaal	Bloemendaal	genbank	Oude Munnink et al.	N	T	J	U	Turdus merula	10932	AF3
MN122251/AF3/Netherlands/2018	Usutu	MN122251	2018-08-30	2018	Europe	Netherlands	Bloemendaal	Bloemendaal	genbank	Oude Munnink et al.	N	T	J	U	Turdus merula	10932	AF3
MN122252/AF3/Netherlands/2018	Usutu	MN122252	2018-08-30	2018	Europe	Netherlands	Bloemendaal	Bloemendaal	genbank	Oude Munnink et al.	N	T	J	U	Turdus merula	10932	AF3
MN122253/AF3/Netherlands/2018	Usutu	MN122253	2018-08-31	2018	Europe	Netherlands	Oldenbroek	Oldenbroek	genbank	Oude Munnink et al.	N	T	J	U	Turdus merula	10932	AF3
MN122254/AF3/Netherlands/2018	Usutu	MN122254	2018-08-31	2018	Europe	Netherlands	Heerhugowaard	Heerhugowaard	genbank	Oude Munnink et al.	N	T	J	U	Turdus merula	10932	AF3
MN122255/AF3/Netherlands/2018	Usutu	MN122255	2018-08-31	2018	Europe	Netherlands	Bosch en Duin	Bosch	genbank	Oude Munnink et al.	N	T	J	U	Turdus merula	10932	AF3
MN122256/AF3/Netherlands/2018	Usutu	MN122256	2018-09-04	2018	Europe	Netherlands	Borger-Odoorn	Borger-Odoorn	genbank	Oude Munnink et al.	N	T	J	U	Turdus merula	10932	AF3
MN813488/AF2/Senegal/2003	Usutu	MN813488	2003-XX-XX	2003	Africa	Senegal	Senegal	Senegal	genbank	Kuchinsky et al.	N	T	J	U	Culex neavei	10305	AF2
MN813489/AF2/Spain/2009	Usutu	MN813489	2009-XX-XX	2009	Europe	Spain	Spain	Spain	genbank	Kuchinsky et al.	N	T	J	U	Culex perexiguus	10305	AF2
MN813490/AF3/Netherlands/2016	Usutu	MN813490	2016-XX-XX	2016	Europe	Netherlands	Netherlands	Netherlands	genbank	Kuchinsky et al.	N	T	J	U	Turdus merula	10305	AF3
MN813491/EU5/Uganda/2012	Usutu	MN813491	2012-XX-XX	2012	Africa	Uganda	Uganda	Uganda	genbank	Kuchinsky et al.	N	T	J	U	Culex univittatus	10305	EU5
MN813492/AF2/SouthAfrica/1959	Usutu	MN813492	1959-XX-XX	1959	Africa	SouthAfrica	SouthAfrica	SouthAfrica	genbank	Kuchinsky et al.	N	T	J	U	Culex neavei	10305	AF2
MN989418/EU2/Italy/2018	Usutu	MN989418	2018-08-20	2018	Europe	Italy	Monteprandone-Ascoli Piceno	Monteprandone-Ascoli	genbank	Savini et al.	N	T	J	U	Anatidae	10492	EU2
MT133690/EUx/Sweden/2019	Usutu	MT133690	2019-08-01	2019	Europe	Sweden	Sweden	Sweden	genbank	Zohari et al.	N	T	J	U	Turdus merula	11002	EUx
MT188658/EU3/Netherlands/2016	Usutu	MT188658	2016-XX-XX	2016	Europe	Netherlands	Netherlands	Netherlands	genbank	Weger-Lucarelli et al.	N	T	J	U	Turdus merula	11064	EU3
MT241508/AF3/Uganda/2012	Usutu	MT241508	2012-02-XX	2012	Africa	Uganda	Jinja	Jinja	genbank	Hughes et al.	N	T	J	U	Culex univittatus	11060	AF3
MT580899/EUx/Germany/2018	Usutu	MT580899	2018-XX-XX	2018	Europe	Germany	Germany	Germany	genbank	Jesse et al.	N	T	J	U	Strix nebulosa	11066	EUx
MT784898/EUx/Italy/2017	Usutu	MT784898	2017-XX-XX	2017	Europe	Italy	Italy	Italy	genbank	Savini et al.	N	T	J	U	Turdus iliacus	10941	EUx
MT784899/EUx/Italy/2017	Usutu	MT784899	2017-XX-XX	2017	Europe	Italy	Italy	Italy	genbank	Savini et al.	N	T	J	U	Turdus merula	10998	EUx
MT795154/EUx/Germany/2016	Usutu	MT795154	2016-XX-XX	2016	Europe	Germany	Germany	Germany	genbank	Luehken et al.	N	T	J	U	Turdus merula	11065	EUx
MT863562/AF3/France/2018	Usutu	MT863562	2018-07-24	2018	Europe	France	France	France	genbank	Cle et al.	N	T	J	U	Turdus merula	10973	AF3
MW001216/AF3/UK/2020	Usutu	MW001216	2020-07-XX	2020	Europe	UK	UK	UK	genbank	Folly et al.	N	T	J	U	Turdus merula	10922	AF3
MW164634/EUx/Italy/2011	Usutu	MW164634	2011-08-09	2011	Europe	Italy	PD	PD	genbank	Zecchin et al.	N	T	J	U	Culex pipiens	10305	EUx
MW164635/EUx/Italy/2011	Usutu	MW164635	2011-08-09	2011	Europe	Italy	PD	PD	genbank	Zecchin et al.	N	T	J	U	Culex pipiens	10305	EUx
MW164636/EUx/Italy/2011	Usutu	MW164636	2011-08-16	2011	Europe	Italy	RO	RO	genbank	Zecchin et al.	N	T	J	U	Culex pipiens	10305	EUx
MW164637/EUx/Italy/2011	Usutu	MW164637	2011-08-23	2011	Europe	Italy	VE	VE	genbank	Zecchin et al.	N	T	J	U	Culex pipiens	10305	EUx
MW164638/EUx/Italy/2011	Usutu	MW164638	2011-08-24	2011	Europe	Italy	VI	VI	genbank	Zecchin et al.	N	T	J	U	Culex pipiens	10305	EUx
MW164639/EUx/Italy/2011	Usutu	MW164639	2011-08-30	2011	Europe	Italy	VR	VR	genbank	Zecchin et al.	N	T	J	U	Culex pipiens	10305	EUx
MW164640/EUx/Italy/2011	Usutu	MW164640	2011-09-21	2011	Europe	Italy	VR	VR	genbank	Zecchin et al.	N	T	J	U	Culex pipiens	10305	EUx
MW164641/EUx/Italy/2012	Usutu	MW164641	2012-07-24	2012	Europe	Italy	RO	RO	genbank	Zecchin et al.	N	T	J	U	Culex pipiens	10305	EUx
MW164642/EUx/Italy/2012	Usutu	MW164642	2012-07-24	2012	Europe	Italy	VR	VR	genbank	Zecchin et al.	N	T	J	U	Culex pipiens	10305	EUx
MW164643/EUx/Italy/2012	Usutu	MW164643	2012-07-24	2012	Europe	Italy	VE	VE	genbank	Zecchin et al.	N	T	J	U	Culex pipiens	10305	EUx
MW164644/EUx/Italy/2012	Usutu	MW164644	2012-08-09	2012	Europe	Italy	TV	TV	genbank	Zecchin et al.	N	T	J	U	Culex pipiens	10305	EUx
MW164645/EUx/Italy/2012	Usutu	MW164645	2012-08-07	2012	Europe	Italy	VE	VE	genbank	Zecchin et al.	N	T	J	U	Culex pipiens	10305	EUx
MW164646/EUx/Italy/2012	Usutu	MW164646	2012-08-07	2012	Europe	Italy	VI	VI	genbank	Zecchin et al.	N	T	J	U	Culex pipiens	10305	EUx
MW164647/EUx/Italy/2012	Usutu	MW164647	2012-08-07	2012	Europe	Italy	VI	VI	genbank	Zecchin et al.	N	T	J	U	Culex pipiens	10305	EUx
MW164648/EUx/Italy/2012	Usutu	MW164648	2012-08-22	2012	Europe	Italy	VI	VI	genbank	Zecchin et al.	N	T	J	U	Culex pipiens	10305	EUx
MW164649/EUx/Italy/2012	Usutu	MW164649	2012-08-22	2012	Europe	Italy	RO	RO	genbank	Zecchin et al.	N	T	J	U	Culex pipiens	10305	EUx
MW164650/EUx/Italy/2012	Usutu	MW164650	2012-08-23	2012	Europe	Italy	TV	TV	genbank	Zecchin et al.	N	T	J	U	Culex pipiens	10305	EUx
MW164651/EUx/Italy/2012	Usutu	MW164651	2012-09-05	2012	Europe	Italy	VI	VI	genbank	Zecchin et al.	N	T	J	U	Culex pipiens	10305	EUx
MW164652/EUx/Italy/2012	Usutu	MW164652	2012-09-05	2012	Europe	Italy	VI	VI	genbank	Zecchin et al.	N	T	J	U	Culex pipiens	10305	EUx
MW164653/EUx/Italy/2012	Usutu	MW164653	2012-09-05	2012	Europe	Italy	RO	RO	genbank	Zecchin et al.	N	T	J	U	Culex pipiens	10305	EUx
MW164654/EUx/Italy/2012	Usutu	MW164654	2012-09-05	2012	Europe	Italy	PD	PD	genbank	Zecchin et al.	N	T	J	U	Turdus pilaris	10305	EUx
MW164655/EUx/Italy/2012	Usutu	MW164655	2012-09-03	2012	Europe	Italy	TV	TV	genbank	Zecchin et al.	N	T	J	U	Alauda arvensis	10305	EUx
MW164656/EUx/Italy/2012	Usutu	MW164656	2012-09-03	2012	Europe	Italy	TV	TV	genbank	Zecchin et al.	N	T	J	U	Alauda arvensis	10305	EUx
MW164657/EUx/Italy/2012	Usutu	MW164657	2012-09-03	2012	Europe	Italy	TV	TV	genbank	Zecchin et al.	N	T	J	U	Alauda arvensis	10305	EUx
MW164658/EUx/Italy/2013	Usutu	MW164658	2013-07-31	2013	Europe	Italy	VR	VR	genbank	Zecchin et al.	N	T	J	U	Culex pipiens	10305	EUx
MW164659/EUx/Italy/2013	Usutu	MW164659	2013-08-07	2013	Europe	Italy	TV	TV	genbank	Zecchin et al.	N	T	J	U	Culex pipiens	10305	EUx
MW164660/EUx/Italy/2013	Usutu	MW164660	2013-08-08	2013	Europe	Italy	RO	RO	genbank	Zecchin et al.	N	T	J	U	Culex pipiens	10305	EUx
MW164661/EUx/Italy/2013	Usutu	MW164661	2013-08-08	2013	Europe	Italy	RO	RO	genbank	Zecchin et al.	N	T	J	U	Culex pipiens	10305	EUx
MW164662/EUx/Italy/2013	Usutu	MW164662	2013-08-13	2013	Europe	Italy	VE	VE	genbank	Zecchin et al.	N	T	J	U	Culex pipiens	10305	EUx
MW164663/EUx/Italy/2013	Usutu	MW164663	2013-08-13	2013	Europe	Italy	VR	VR	genbank	Zecchin et al.	N	T	J	U	Culex pipiens	10305	EUx
MW164664/EUx/Italy/2013	Usutu	MW164664	2013-08-13	2013	Europe	Italy	RO	RO	genbank	Zecchin et al.	N	T	J	U	Culex pipiens	10305	EUx
MW164665/EUx/Italy/2013	Usutu	MW164665	2013-08-13	2013	Europe	Italy	VE	VE	genbank	Zecchin et al.	N	T	J	U	Culex pipiens	10305	EUx
MW164666/EUx/Italy/2013	Usutu	MW164666	2013-08-21	2013	Europe	Italy	TV	TV	genbank	Zecchin et al.	N	T	J	U	Culex pipiens	10305	EUx
MW164667/EUx/Italy/2013	Usutu	MW164667	2013-08-21	2013	Europe	Italy	RO	RO	genbank	Zecchin et al.	N	T	J	U	Culex pipiens	10305	EUx
MW164668/EUx/Italy/2013	Usutu	MW164668	2013-09-05	2013	Europe	Italy	VI	VI	genbank	Zecchin et al.	N	T	J	U	Culex pipiens	10305	EUx
MW164669/EUx/Italy/2013	Usutu	MW164669	2013-09-05	2013	Europe	Italy	VI	VI	genbank	Zecchin et al.	N	T	J	U	Culex pipiens	10305	EUx
MW164670/EUx/Italy/2013	Usutu	MW164670	2013-09-05	2013	Europe	Italy	VI	VI	genbank	Zecchin et al.	N	T	J	U	Culex pipiens	10305	EUx
MW164671/EUx/Italy/2014	Usutu	MW164671	2014-08-20	2014	Europe	Italy	VR	VR	genbank	Zecchin et al.	N	T	J	U	Culex pipiens	10305	EUx
MW164672/EUx/Italy/2014	Usutu	MW164672	2014-08-22	2014	Europe	Italy	VI	VI	genbank	Zecchin et al.	N	T	J	U	Culex pipiens	10305	EUx
MW164673/EUx/Italy/2014	Usutu	MW164673	2014-08-26	2014	Europe	Italy	VE	VE	genbank	Zecchin et al.	N	T	J	U	Culex pipiens	10305	EUx
MW164674/EUx/Italy/2014	Usutu	MW164674	2014-08-26	2014	Europe	Italy	TV	TV	genbank	Zecchin et al.	N	T	J	U	Culex pipiens	10305	EUx
MW164676/EUx/Italy/2014	Usutu	MW164676	2014-09-02	2014	Europe	Italy	RO	RO	genbank	Zecchin et al.	N	T	J	U	Culex pipiens	10305	EUx
MW164677/EUx/Italy/2014	Usutu	MW164677	2014-09-02	2014	Europe	Italy	VR	VR	genbank	Zecchin et al.	N	T	J	U	Culex pipiens	10305	EUx
MW164678/EUx/Italy/2014	Usutu	MW164678	2014-09-02	2014	Europe	Italy	VR	VR	genbank	Zecchin et al.	N	T	J	U	Culex pipiens	10305	EUx
MW164679/EUx/Italy/2014	Usutu	MW164679	2014-09-03	2014	Europe	Italy	VI	VI	genbank	Zecchin et al.	N	T	J	U	Culex pipiens	10305	EUx
MW164680/EUx/Italy/2014	Usutu	MW164680	2014-09-23	2014	Europe	Italy	VE	VE	genbank	Zecchin et al.	N	T	J	U	Culex pipiens	10305	EUx
MW164681/EUx/Italy/2014	Usutu	MW164681	2014-09-23	2014	Europe	Italy	VE	VE	genbank	Zecchin et al.	N	T	J	U	Culex pipiens	10305	EUx
MW164682/EUx/Italy/2014	Usutu	MW164682	2014-07-22	2014	Europe	Italy	RO	RO	genbank	Zecchin et al.	N	T	J	U	Culex pipiens	10305	EUx
MW164683/EUx/Italy/2014	Usutu	MW164683	2014-07-22	2014	Europe	Italy	VR	VR	genbank	Zecchin et al.	N	T	J	U	Culex pipiens	10305	EUx
MW164684/EUx/Italy/2014	Usutu	MW164684	2014-09-02	2014	Europe	Italy	TV	TV	genbank	Zecchin et al.	N	T	J	U	Aves	10305	EUx
MW164685/EUx/Italy/2015	Usutu	MW164685	2015-07-22	2015	Europe	Italy	VR	VR	genbank	Zecchin et al.	N	T	J	U	Culex pipiens	10305	EUx
MW164686/EUx/Italy/2015	Usutu	MW164686	2015-08-03	2015	Europe	Italy	RO	RO	genbank	Zecchin et al.	N	T	J	U	Culex pipiens	10305	EUx
MW164687/EUx/Italy/2015	Usutu	MW164687	2015-08-05	2015	Europe	Italy	VI	VI	genbank	Zecchin et al.	N	T	J	U	Culex pipiens	10305	EUx
MW164688/EUx/Italy/2015	Usutu	MW164688	2015-08-06	2015	Europe	Italy	PD	PD	genbank	Zecchin et al.	N	T	J	U	Culex pipiens	10305	EUx
MW164689/EUx/Italy/2015	Usutu	MW164689	2015-08-10	2015	Europe	Italy	VE	VE	genbank	Zecchin et al.	N	T	J	U	Culex pipiens	10305	EUx
MW164690/EUx/Italy/2015	Usutu	MW164690	2015-08-17	2015	Europe	Italy	VE	VE	genbank	Zecchin et al.	N	T	J	U	Culex pipiens	10305	EUx
MW164691/EUx/Italy/2015	Usutu	MW164691	2015-09-02	2015	Europe	Italy	VR	VR	genbank	Zecchin et al.	N	T	J	U	Culex pipiens	10305	EUx
MW164692/EUx/Italy/2015	Usutu	MW164692	2015-09-02	2015	Europe	Italy	TV	TV	genbank	Zecchin et al.	N	T	J	U	Culex pipiens	10305	EUx
MW164693/EUx/Italy/2015	Usutu	MW164693	2015-09-21	2015	Europe	Italy	UD	UD	genbank	Zecchin et al.	N	T	J	U	Culex pipiens	10305	EUx
MW164694/EUx/Italy/2015	Usutu	MW164694	2015-09-15	2015	Europe	Italy	TV	TV	genbank	Zecchin et al.	N	T	J	U	Turdus iliacus	10305	EUx
MW164695/EUx/Italy/2015	Usutu	MW164695	2015-09-15	2015	Europe	Italy	TV	TV	genbank	Zecchin et al.	N	T	J	U	Turdus merula	10305	EUx
MW164696/EUx/Italy/2015	Usutu	MW164696	2015-09-15	2015	Europe	Italy	TV	TV	genbank	Zecchin et al.	N	T	J	U	Turdus merula	10305	EUx
MW164697/EUx/Italy/2016	Usutu	MW164697	2016-07-20	2016	Europe	Italy	PD	PD	genbank	Zecchin et al.	N	T	J	U	Culex pipiens	10305	EUx
MW164698/EUx/Italy/2016	Usutu	MW164698	2016-07-25	2016	Europe	Italy	GO	GO	genbank	Zecchin et al.	N	T	J	U	Culex pipiens	10305	EUx
MW164699/EUx/Italy/2016	Usutu	MW164699	2016-08-01	2016	Europe	Italy	RO	RO	genbank	Zecchin et al.	N	T	J	U	Culex pipiens	10305	EUx
MW164700/EUx/Italy/2016	Usutu	MW164700	2016-08-01	2016	Europe	Italy	VE	VE	genbank	Zecchin et al.	N	T	J	U	Culex pipiens	10305	EUx
MW164701/EUx/Italy/2016	Usutu	MW164701	2016-08-08	2016	Europe	Italy	TV	TV	genbank	Zecchin et al.	N	T	J	U	Culex pipiens	10305	EUx
MW164702/EUx/Italy/2016	Usutu	MW164702	2016-08-16	2016	Europe	Italy	RO	RO	genbank	Zecchin et al.	N	T	J	U	Culex pipiens	10305	EUx
MW164703/EUx/Italy/2016	Usutu	MW164703	2016-08-16	2016	Europe	Italy	VE	VE	genbank	Zecchin et al.	N	T	J	U	Culex pipiens	10305	EUx
MW164704/EUx/Italy/2016	Usutu	MW164704	2016-08-24	2016	Europe	Italy	VI	VI	genbank	Zecchin et al.	N	T	J	U	Culex pipiens	10305	EUx
MW164705/EUx/Italy/2016	Usutu	MW164705	2016-08-29	2016	Europe	Italy	VE	VE	genbank	Zecchin et al.	N	T	J	U	Culex pipiens	10305	EUx
MW164706/EUx/Italy/2016	Usutu	MW164706	2016-08-29	2016	Europe	Italy	UD	UD	genbank	Zecchin et al.	N	T	J	U	Culex pipiens	10305	EUx
MW164707/EUx/Italy/2016	Usutu	MW164707	2016-09-14	2016	Europe	Italy	VR	VR	genbank	Zecchin et al.	N	T	J	U	Culex pipiens	10305	EUx
MW164708/EUx/Italy/2017	Usutu	MW164708	2017-08-30	2017	Europe	Italy	VI	VI	genbank	Zecchin et al.	N	T	J	U	Culex pipiens	10305	EUx
MW164709/EUx/Italy/2017	Usutu	MW164709	2017-07-17	2017	Europe	Italy	VE	VE	genbank	Zecchin et al.	N	T	J	U	Culex pipiens	10305	EUx
MW164710/EUx/Italy/2017	Usutu	MW164710	2017-07-19	2017	Europe	Italy	VI	VI	genbank	Zecchin et al.	N	T	J	U	Culex pipiens	10305	EUx
MW164711/EUx/Italy/2017	Usutu	MW164711	2017-07-19	2017	Europe	Italy	VI	VI	genbank	Zecchin et al.	N	T	J	U	Culex pipiens	10305	EUx
MW164712/EUx/Italy/2017	Usutu	MW164712	2017-07-24	2017	Europe	Italy	TV	TV	genbank	Zecchin et al.	N	T	J	U	Culex pipiens	10305	EUx
MW164713/EUx/Italy/2017	Usutu	MW164713	2017-08-02	2017	Europe	Italy	PD	PD	genbank	Zecchin et al.	N	T	J	U	Culex pipiens	10305	EUx
MW164714/EUx/Italy/2017	Usutu	MW164714	2017-08-02	2017	Europe	Italy	VR	VR	genbank	Zecchin et al.	N	T	J	U	Culex pipiens	10305	EUx
MW164715/EUx/Italy/2017	Usutu	MW164715	2017-08-07	2017	Europe	Italy	TV	TV	genbank	Zecchin et al.	N	T	J	U	Culex pipiens	10305	EUx
MW164716/EUx/Italy/2017	Usutu	MW164716	2017-08-07	2017	Europe	Italy	PN	PN	genbank	Zecchin et al.	N	T	J	U	Culex pipiens	10305	EUx
MW164717/EUx/Italy/2017	Usutu	MW164717	2017-08-16	2017	Europe	Italy	UD	UD	genbank	Zecchin et al.	N	T	J	U	Culex pipiens	10305	EUx
MW164719/EUx/Italy/2017	Usutu	MW164719	2017-08-16	2017	Europe	Italy	VR	VR	genbank	Zecchin et al.	N	T	J	U	Culex pipiens	10305	EUx
MW164720/EUx/Italy/2017	Usutu	MW164720	2017-08-16	2017	Europe	Italy	VR	VR	genbank	Zecchin et al.	N	T	J	U	Culex pipiens	10305	EUx
MW164721/EUx/Italy/2017	Usutu	MW164721	2017-08-16	2017	Europe	Italy	VR	VR	genbank	Zecchin et al.	N	T	J	U	Culex pipiens	10305	EUx
MW164722/EUx/Italy/2017	Usutu	MW164722	2017-08-16	2017	Europe	Italy	PD	PD	genbank	Zecchin et al.	N	T	J	U	Culex pipiens	10305	EUx
MW164723/EUx/Italy/2017	Usutu	MW164723	2017-08-16	2017	Europe	Italy	VE	VE	genbank	Zecchin et al.	N	T	J	U	Culex pipiens	10305	EUx
MW164724/EUx/Italy/2017	Usutu	MW164724	2017-08-17	2017	Europe	Italy	RO	RO	genbank	Zecchin et al.	N	T	J	U	Culex pipiens	10305	EUx
MW164725/EUx/Italy/2017	Usutu	MW164725	2017-08-21	2017	Europe	Italy	TV	TV	genbank	Zecchin et al.	N	T	J	U	Culex pipiens	10305	EUx
MW164726/EUx/Italy/2017	Usutu	MW164726	2017-09-11	2017	Europe	Italy	VE	VE	genbank	Zecchin et al.	N	T	J	U	Culex pipiens	10305	EUx
MW164727/EUx/Italy/2017	Usutu	MW164727	2017-09-01	2017	Europe	Italy	RO	RO	genbank	Zecchin et al.	N	T	J	U	Sturnus vulgaris	10305	EUx
MW164728/EUx/Italy/2017	Usutu	MW164728	2017-08-30	2017	Europe	Italy	RO	RO	genbank	Zecchin et al.	N	T	J	U	Turdus merula	10305	EUx
MW164729/EUx/Italy/2017	Usutu	MW164729	2017-09-18	2017	Europe	Italy	RO	RO	genbank	Zecchin et al.	N	T	J	U	Larus michahellis	10305	EUx
MW164730/EUx/Italy/2018	Usutu	MW164730	2018-07-10	2018	Europe	Italy	VE	VE	genbank	Zecchin et al.	N	T	J	U	Culex pipiens	10305	EUx
MW164731/EUx/Italy/2018	Usutu	MW164731	2018-07-10	2018	Europe	Italy	VE	VE	genbank	Zecchin et al.	N	T	J	U	Culex pipiens	10305	EUx
MW164732/EUx/Italy/2018	Usutu	MW164732	2018-09-06	2018	Europe	Italy	VR	VR	genbank	Zecchin et al.	N	T	J	U	Culex pipiens	10305	EUx
MW164733/EUx/Italy/2018	Usutu	MW164733	2018-07-12	2018	Europe	Italy	VI	VI	genbank	Zecchin et al.	N	T	J	U	Culex pipiens	10305	EUx
MW164734/EUx/Italy/2018	Usutu	MW164734	2018-07-17	2018	Europe	Italy	PN	PN	genbank	Zecchin et al.	N	T	J	U	Culex pipiens	10305	EUx
MW164735/EUx/Italy/2018	Usutu	MW164735	2018-07-17	2018	Europe	Italy	TV	TV	genbank	Zecchin et al.	N	T	J	U	Culex pipiens	10305	EUx
MW164736/EUx/Italy/2018	Usutu	MW164736	2018-07-17	2018	Europe	Italy	RO	RO	genbank	Zecchin et al.	N	T	J	U	Culex pipiens	10305	EUx
MW164737/EUx/Italy/2018	Usutu	MW164737	2018-07-19	2018	Europe	Italy	PD	PD	genbank	Zecchin et al.	N	T	J	U	Culex pipiens	10305	EUx
MW164738/EUx/Italy/2018	Usutu	MW164738	2018-07-19	2018	Europe	Italy	VR	VR	genbank	Zecchin et al.	N	T	J	U	Culex pipiens	10305	EUx
MW164739/EUx/Italy/2018	Usutu	MW164739	2018-07-19	2018	Europe	Italy	VR	VR	genbank	Zecchin et al.	N	T	J	U	Culex pipiens	10305	EUx
MW164740/EUx/Italy/2018	Usutu	MW164740	2018-07-19	2018	Europe	Italy	VR	VR	genbank	Zecchin et al.	N	T	J	U	Culex pipiens	10305	EUx
MW164741/EUx/Italy/2018	Usutu	MW164741	2018-07-19	2018	Europe	Italy	VR	VR	genbank	Zecchin et al.	N	T	J	U	Culex pipiens	10305	EUx
MW164742/EUx/Italy/2018	Usutu	MW164742	2018-07-19	2018	Europe	Italy	VR	VR	genbank	Zecchin et al.	N	T	J	U	Culex pipiens	10305	EUx
MW164743/EUx/Italy/2018	Usutu	MW164743	2018-07-19	2018	Europe	Italy	VR	VR	genbank	Zecchin et al.	N	T	J	U	Culex pipiens	10305	EUx
MW164744/EUx/Italy/2018	Usutu	MW164744	2018-07-24	2018	Europe	Italy	RO	RO	genbank	Zecchin et al.	N	T	J	U	Culex pipiens	10305	EUx
MW164745/EUx/Italy/2018	Usutu	MW164745	2018-07-26	2018	Europe	Italy	VR	VR	genbank	Zecchin et al.	N	T	J	U	Culex pipiens	10305	EUx
MW164746/EUx/Italy/2018	Usutu	MW164746	2018-07-26	2018	Europe	Italy	VR	VR	genbank	Zecchin et al.	N	T	J	U	Culex pipiens	10305	EUx
MW164747/EUx/Italy/2018	Usutu	MW164747	2018-07-31	2018	Europe	Italy	PN	PN	genbank	Zecchin et al.	N	T	J	U	Culex pipiens	10305	EUx
MW164748/EUx/Italy/2018	Usutu	MW164748	2018-07-31	2018	Europe	Italy	TV	TV	genbank	Zecchin et al.	N	T	J	U	Culex pipiens	10305	EUx
MW164749/EUx/Italy/2018	Usutu	MW164749	2018-07-31	2018	Europe	Italy	PD	PD	genbank	Zecchin et al.	N	T	J	U	Culex pipiens	10305	EUx
MW164750/EUx/Italy/2018	Usutu	MW164750	2018-07-31	2018	Europe	Italy	VE	VE	genbank	Zecchin et al.	N	T	J	U	Culex pipiens	10305	EUx
MW164751/EUx/Italy/2018	Usutu	MW164751	2018-08-02	2018	Europe	Italy	PD	PD	genbank	Zecchin et al.	N	T	J	U	Culex pipiens	10305	EUx
MW164752/EUx/Italy/2018	Usutu	MW164752	2018-08-02	2018	Europe	Italy	VI	VI	genbank	Zecchin et al.	N	T	J	U	Culex pipiens	10305	EUx
MW164753/EUx/Italy/2018	Usutu	MW164753	2018-08-02	2018	Europe	Italy	VI	VI	genbank	Zecchin et al.	N	T	J	U	Culex pipiens	10305	EUx
MW164754/EUx/Italy/2018	Usutu	MW164754	2018-08-07	2018	Europe	Italy	TV	TV	genbank	Zecchin et al.	N	T	J	U	Culex pipiens	10305	EUx
MW164755/EUx/Italy/2018	Usutu	MW164755	2018-08-07	2018	Europe	Italy	RO	RO	genbank	Zecchin et al.	N	T	J	U	Culex pipiens	10305	EUx
MW164756/EUx/Italy/2018	Usutu	MW164756	2018-08-09	2018	Europe	Italy	PD	PD	genbank	Zecchin et al.	N	T	J	U	Culex pipiens	10305	EUx
MW164757/EUx/Italy/2018	Usutu	MW164757	2018-08-09	2018	Europe	Italy	VI	VI	genbank	Zecchin et al.	N	T	J	U	Culex pipiens	10305	EUx
MW164758/EUx/Italy/2018	Usutu	MW164758	2018-08-09	2018	Europe	Italy	VR	VR	genbank	Zecchin et al.	N	T	J	U	Culex pipiens	10305	EUx
MW164759/EUx/Italy/2018	Usutu	MW164759	2018-08-14	2018	Europe	Italy	UD	UD	genbank	Zecchin et al.	N	T	J	U	Culex pipiens	10305	EUx
MW164760/EUx/Italy/2018	Usutu	MW164760	2018-08-14	2018	Europe	Italy	UD	UD	genbank	Zecchin et al.	N	T	J	U	Culex pipiens	10305	EUx
MW164761/EUx/Italy/2018	Usutu	MW164761	2018-08-14	2018	Europe	Italy	TV	TV	genbank	Zecchin et al.	N	T	J	U	Culex pipiens	10305	EUx
MW164762/EUx/Italy/2018	Usutu	MW164762	2018-08-17	2018	Europe	Italy	VR	VR	genbank	Zecchin et al.	N	T	J	U	Culex pipiens	10305	EUx
MW164764/EUx/Italy/2018	Usutu	MW164764	2018-08-23	2018	Europe	Italy	VR	VR	genbank	Zecchin et al.	N	T	J	U	Culex pipiens	10305	EUx
MW164765/EUx/Italy/2018	Usutu	MW164765	2018-08-28	2018	Europe	Italy	TV	TV	genbank	Zecchin et al.	N	T	J	U	Culex pipiens	10305	EUx
MW164766/EUx/Italy/2018	Usutu	MW164766	2018-09-06	2018	Europe	Italy	VR	VR	genbank	Zecchin et al.	N	T	J	U	Culex pipiens	10305	EUx
MW164767/EUx/Italy/2018	Usutu	MW164767	2018-09-13	2018	Europe	Italy	VI	VI	genbank	Zecchin et al.	N	T	J	U	Culex pipiens	10305	EUx
MW164768/EUx/Italy/2018	Usutu	MW164768	2018-08-09	2018	Europe	Italy	VR	VR	genbank	Zecchin et al.	N	T	J	U	Culex pipiens	10305	EUx
MW164769/EUx/Italy/2018	Usutu	MW164769	2018-07-06	2018	Europe	Italy	PD	PD	genbank	Zecchin et al.	N	T	J	U	Culex pipiens	10305	EUx
MW164770/EUx/Italy/2018	Usutu	MW164770	2018-09-07	2018	Europe	Italy	VI	VI	genbank	Zecchin et al.	N	T	J	U	Ciconia ciconia	10305	EUx
MW164771/EUx/Italy/2018	Usutu	MW164771	2018-09-07	2018	Europe	Italy	TN	TN	genbank	Zecchin et al.	N	T	J	U	Turdus merula	10305	EUx
NC006551/EU1/Austria/2001	Usutu	NC006551	2001-XX-XX	2001	Europe	Austria	Vienna	Vienna	genbank	Moureau et al.	N	T	J	U		11066	EU1
OM202464/EUx/UK/2021	Usutu	OM202464	2021-09-XX	2021	Europe	UK	UK	UK	genbank	Folly et al.	N	T	J	U	Turdus merula	10922	EUx
ON032474/EUx/Italy/2020	Usutu	ON032474	2020-XX-XX	2020	Europe	Italy	Fabbrico	 Reggio Emilia	genbank	Mencattelli et al.	N	T	J	U	Culex pipiens	10948	EUx
ON032475/EUx/Italy/2020	Usutu	ON032475	2020-XX-XX	2020	Europe	Italy	Ferrara	Ferrara	genbank	Mencattelli et al.	N	T	J	U	Muscicapa striata	10870	EUx
ON032476/EUx/Italy/2020	Usutu	ON032476	2020-XX-XX	2020	Europe	Italy	Ferrara	Ferrara	genbank	Mencattelli et al.	N	T	J	U	Turdus merula	10488	EUx
ON032477/EUx/Italy/2018	Usutu	ON032477	2018-08-17	2018	Europe	Italy	Bologna	Bologna	genbank	Mencattelli et al.	N	T	J	U	Turdus merula	10869	EUx
ON032478/EUx/Italy/2018	Usutu	ON032478	2018-09-03	2018	Europe	Italy	Cornuda	Treviso	genbank	Mencattelli et al.	N	T	J	U	Turdus merula	11032	EUx
ON032479/EUx/Italy/2010	Usutu	ON032479	2010-XX-XX	2010	Europe	Italy	Pesaro e Urbino	Pesaro e Urbino	genbank	Mencattelli et al.	N	T	J	U	Turdus merula	11027	EUx
ON032480/EUx/Italy/2021	Usutu	ON032480	2021-09-30	2021	Europe	Italy	Bologna	Bologna	genbank	Mencattelli et al.	N	T	J	U	Turdus merula	11005	EUx
ON032481/EUx/Italy/2021	Usutu	ON032481	2021-09-02	2021	Europe	Italy	Bologna	Bologna	genbank	Mencattelli et al.	N	T	J	U	Turdus merula	11002	EUx
ON032482/EUx/Italy/2021	Usutu	ON032482	2021-09-08	2021	Europe	Italy	Rimini	Rimini	genbank	Mencattelli et al.	N	T	J	U	Larus michahellis	11006	EUx
ON032483/EUx/Italy/2021	Usutu	ON032483	2021-08-19	2021	Europe	Italy	Bologna	Bologna	genbank	Mencattelli et al.	N	T	J	U	Turdus merula	11002	EUx
ON032484/EUx/Italy/2021	Usutu	ON032484	2021-09-10	2021	Europe	Italy	Ferrara	Ferrara	genbank	Mencattelli et al.	N	T	J	U	Columba palumbus	11002	EUx
ON032485/EUx/Italy/2021	Usutu	ON032485	2021-XX-XX	2021	Europe	Italy	Bologna	Bologna	genbank	Mencattelli et al.	N	T	J	U	Turdus merula	11010	EUx
ON032486/EUx/Italy/2021	Usutu	ON032486	2021-XX-XX	2021	Europe	Italy	Bologna	Bologna	genbank	Mencattelli et al.	N	T	J	U	Turdus merula	11027	EUx
ON032487/EUx/Italy/2021	Usutu	ON032487	2021-XX-XX	2021	Europe	Italy	Bologna	Bologna	genbank	Mencattelli et al.	N	T	J	U	Turdus merula	11035	EUx
ON755209/EUx/Netherlands/2016	Usutu	ON755209	2016-XX-XX	2016	Europe	Netherlands	Netherlands	Netherlands	genbank	Atama et al.	N	T	J	U	Turdus merula	10932	EUx
ON755210/EUx/Netherlands/2016	Usutu	ON755210	2016-XX-XX	2016	Europe	Netherlands	Netherlands	Netherlands	genbank	Atama et al.	N	T	J	U	Turdus merula	10932	EUx
ON755211/EUx/Netherlands/2016	Usutu	ON755211	2016-XX-XX	2016	Europe	Netherlands	Netherlands	Netherlands	genbank	Atama et al.	N	T	J	U	Turdus merula	10932	EUx
ON755212/EUx/Netherlands/2016	Usutu	ON755212	2016-XX-XX	2016	Europe	Netherlands	Netherlands	Netherlands	genbank	Atama et al.	N	T	J	U	Turdus merula	10932	EUx
ON755213/EUx/Netherlands/2016	Usutu	ON755213	2016-XX-XX	2016	Europe	Netherlands	Netherlands	Netherlands	genbank	Atama et al.	N	T	J	U	Turdus merula	10932	EUx
ON755214/EUx/Netherlands/2016	Usutu	ON755214	2016-XX-XX	2016	Europe	Netherlands	Netherlands	Netherlands	genbank	Atama et al.	N	T	J	U	Turdus merula	10932	EUx
ON755215/EUx/Netherlands/2016	Usutu	ON755215	2016-XX-XX	2016	Europe	Netherlands	Netherlands	Netherlands	genbank	Atama et al.	N	T	J	U	Turdus merula	10932	EUx
ON755216/EUx/Netherlands/2016	Usutu	ON755216	2016-XX-XX	2016	Europe	Netherlands	Netherlands	Netherlands	genbank	Atama et al.	N	T	J	U	Turdus merula	10932	EUx
ON755217/EUx/Netherlands/2016	Usutu	ON755217	2016-XX-XX	2016	Europe	Netherlands	Netherlands	Netherlands	genbank	Atama et al.	N	T	J	U	Turdus merula	10932	EUx
ON755218/EUx/Netherlands/2016	Usutu	ON755218	2016-XX-XX	2016	Europe	Netherlands	Netherlands	Netherlands	genbank	Atama et al.	N	T	J	U	Turdus merula	10932	EUx
ON755219/EUx/Netherlands/2016	Usutu	ON755219	2016-XX-XX	2016	Europe	Netherlands	Netherlands	Netherlands	genbank	Atama et al.	N	T	J	U	Turdus merula	10932	EUx
ON755220/EUx/Netherlands/2016	Usutu	ON755220	2016-XX-XX	2016	Europe	Netherlands	Netherlands	Netherlands	genbank	Atama et al.	N	T	J	U	Turdus merula	10932	EUx
ON755221/EUx/Netherlands/2016	Usutu	ON755221	2016-XX-XX	2016	Europe	Netherlands	Netherlands	Netherlands	genbank	Atama et al.	N	T	J	U	Turdus merula	10932	EUx
ON755222/EUx/Netherlands/2016	Usutu	ON755222	2016-XX-XX	2016	Europe	Netherlands	Netherlands	Netherlands	genbank	Atama et al.	N	T	J	U	Turdus merula	10932	EUx
ON813220/AFx/Senegal/2016	Usutu	ON813220	2016-XX-XX	2016	Africa	Senegal	Barkedji	Barkedji	genbank	Ndione et al.	N	T	J	U	Culex neavei	10490	AFx
ON813221/AFx/Senegal/2016	Usutu	ON813221	2016-XX-XX	2016	Africa	Senegal	Barkedji	Barkedji	genbank	Ndione et al.	N	T	J	U	Culex neavei	10482	AFx
ON813222/AFx/Senegal/2016	Usutu	ON813222	2016-XX-XX	2016	Africa	Senegal	Barkedji	Barkedji	genbank	Ndione et al.	N	T	J	U	Culex neavei	10482	AFx
ON813223/AFx/Senegal/2016	Usutu	ON813223	2016-XX-XX	2016	Africa	Senegal	Barkedji	Barkedji	genbank	Ndione et al.	N	T	J	U	Culex neavei	10483	AFx
ON813224/AFx/Senegal/2016	Usutu	ON813224	2016-XX-XX	2016	Africa	Senegal	Barkedji	Barkedji	genbank	Ndione et al.	N	T	J	U	Culex poicilipes	10487	AFx
ON813225/AFx/Senegal/2013	Usutu	ON813225	2013-XX-XX	2013	Africa	Senegal	Barkedji	Barkedji	genbank	Ndione et al.	N	T	J	U	Culex neavei	10491	AFx
ON813226/AFx/Senegal/2005	Usutu	ON813226	2005-XX-XX	2005	Africa	Senegal	Barkedji	Barkedji	genbank	Ndione et al.	N	T	J	U	Culex neavei	10591	AFx
ON813227/AFx/Senegal/2005	Usutu	ON813227	2005-XX-XX	2005	Africa	Senegal	Barkedji	Barkedji	genbank	Ndione et al.	N	T	J	U	Culex neavei	10813	AFx
ON813228/AFx/Senegal/2005	Usutu	ON813228	2005-XX-XX	2005	Africa	Senegal	Barkedji	Barkedji	genbank	Ndione et al.	N	T	J	U	Culex neavei	10754	AFx
ON813229/AFx/Senegal/2005	Usutu	ON813229	2005-XX-XX	2005	Africa	Senegal	Barkedji	Barkedji	genbank	Ndione et al.	N	T	J	U	Culex neavei	10694	AFx
ON813234/EUx/Italy/2021	Usutu	ON813234	2021-XX-XX	2021	Europe	Italy	Emilia-Romagna	Emilia-Romagna	genbank	Mencattelli et al.	N	T	J	U	Turdus merula	11006	EUx
ON813235/EUx/Italy/2021	Usutu	ON813235	2021-XX-XX	2021	Europe	Italy	Emilia-Romagna	Emilia-Romagna	genbank	Mencattelli et al.	N	T	J	U	Turdus merula	10910	EUx
ON813236/EUx/Italy/2021	Usutu	ON813236	2021-XX-XX	2021	Europe	Italy	Abruzzo	Abruzzo	genbank	Mencattelli et al.	N	T	J	U	Culex pipiens	10484	EUx
OP007489/EUx/Netherlands/2016	Usutu	OP007489	2016-09-09	2016	Europe	Netherlands	Netherlands	Netherlands	genbank	Streng et al.	N	T	J	U	Strix nebulosa	10843	EUx
OP422562/EUx/Germany/2019	Usutu	OP422562	2019-XX-XX	2019	Europe	Germany	Bavaria	Bavaria	genbank	Holicki et al.	N	T	J	U	Strix nebulosa	11065	EUx
OP422563/EUx/Germany/2019	Usutu	OP422563	2019-XX-XX	2019	Europe	Germany	Lower Saxony	Lower	genbank	Holicki et al.	N	T	J	U	Turdus merula	11060	EUx
OP422564/EUx/Germany/2019	Usutu	OP422564	2019-XX-XX	2019	Europe	Germany	Brandenburg	Brandenburg	genbank	Holicki et al.	N	T	J	U	Strix nebulosa	11000	EUx
OP422565/EUx/Germany/2019	Usutu	OP422565	2019-XX-XX	2019	Europe	Germany	Berlin	Berlin	genbank	Holicki et al.	N	T	J	U	Tachyeres	11040	EUx
OP555956/EUx/Belgium/2017	Usutu	OP555956	2017-07-10	2017	Europe	Belgium	Belgium	Belgium	genbank	Van Borm et al.	N	T	J	U	Strix nebulosa	11051	EUx
OP555957/EUx/Belgium/2017	Usutu	OP555957	2017-07-24	2017	Europe	Belgium	Belgium	Belgium	genbank	Van Borm et al.	N	T	J	U	Turdus merula	11035	EUx
OP555958/EUx/Belgium/2017	Usutu	OP555958	2017-08-07	2017	Europe	Belgium	Belgium	Belgium	genbank	Van Borm et al.	N	T	J	U	Turdus merula	10998	EUx
OP734245/EUx/Italy/2022	Usutu	OP734245	2022-07-01	2022	Europe	Italy	Emilia Romagna	Emilia	genbank	Savini et al.	N	T	J	U	Culex pipiens	10495	EUx
OP734246/EUx/Italy/2022	Usutu	OP734246	2022-07-29	2022	Europe	Italy	Friuli Venezia Giulia	Friuli	genbank	Savini et al.	N	T	J	U	Culex pipiens	10837	EUx
OP734247/EUx/Italy/2022	Usutu	OP734247	2022-07-29	2022	Europe	Italy	Veneto	Veneto	genbank	Savini et al.	N	T	J	U	Culex pipiens	10503	EUx
OP734248/EUx/Italy/2022	Usutu	OP734248	2022-07-29	2022	Europe	Italy	Lombardia	Lombardia	genbank	Savini et al.	N	T	J	U	Culex pipiens	10497	EUx
OP734249/EUx/Italy/2022	Usutu	OP734249	2022-08-01	2022	Europe	Italy	Marche	Marche	genbank	Savini et al.	N	T	J	U	Culex pipiens	10826	EUx
OP734250/EUx/Italy/2022	Usutu	OP734250	2022-07-29	2022	Europe	Italy	Emilia Romagna	Emilia	genbank	Savini et al.	N	T	J	U	Culex pipiens	10837	EUx
OP734251/EUx/Italy/2022	Usutu	OP734251	2022-08-01	2022	Europe	Italy	Lazio	Lazio	genbank	Savini et al.	N	T	J	U	Culex pipiens	10835	EUx
OP734252/EUx/Italy/2022	Usutu	OP734252	2022-08-01	2022	Europe	Italy	Lazio	Lazio	genbank	Savini et al.	N	T	J	U	Culex pipiens	10773	EUx
OP734253/EUx/Italy/2022	Usutu	OP734253	2022-08-05	2022	Europe	Italy	Emilia Romagna	Emilia	genbank	Savini et al.	N	T	J	U	Culex pipiens	10837	EUx
OP734254/EUx/Italy/2022	Usutu	OP734254	2022-08-08	2022	Europe	Italy	Toscana	Toscana	genbank	Savini et al.	N	T	J	U		10837	EUx
OP734255/EUx/Italy/2022	Usutu	OP734255	2022-07-27	2022	Europe	Italy	Emilia Romagna	Emilia	genbank	Savini et al.	N	T	J	U	Culex pipiens	10498	EUx
OP734256/EUx/Italy/2022	Usutu	OP734256	2022-07-29	2022	Europe	Italy	Veneto	Veneto	genbank	Savini et al.	N	T	J	U	Culex pipiens	10836	EUx
OP734257/EUx/Italy/2022	Usutu	OP734257	2022-07-22	2022	Europe	Italy	Emilia Romagna	Emilia	genbank	Savini et al.	N	T	J	U	Culex pipiens	10515	EUx
OP734258/EUx/Italy/2022	Usutu	OP734258	2022-07-27	2022	Europe	Italy	Lazio	Lazio	genbank	Savini et al.	N	T	J	U	Culex pipiens	10649	EUx
OP734259/EUx/Italy/2022	Usutu	OP734259	2022-07-25	2022	Europe	Italy	Veneto	Veneto	genbank	Savini et al.	N	T	J	U	Culex pipiens	10505	EUx
OP734260/EUx/Italy/2022	Usutu	OP734260	2022-07-08	2022	Europe	Italy	Marche	Marche	genbank	Savini et al.	N	T	J	U	Culex pipiens	10836	EUx
OP734261/EUx/Italy/2022	Usutu	OP734261	2022-07-08	2022	Europe	Italy	Emilia Romagna	Emilia	genbank	Savini et al.	N	T	J	U	Culex pipiens	10494	EUx
OP921076/EUx/Netherlands/2016	Usutu	OP921076	2016-10-07	2016	Europe	Netherlands	Province of Gelderland	Berg en Dal	genbank	Bakker et al.	N	T	J	U	Turdus merula	10932	EUx
OP921077/EUx/Netherlands/2016	Usutu	OP921077	2016-10-07	2016	Europe	Netherlands	Province of Gelderland	Berg en Dal	genbank	Bakker et al.	N	T	J	U	Ixodes frontalis	10932	EUx
OP921078/EUx/Netherlands/2018	Usutu	OP921078	2018-08-18	2018	Europe	Netherlands	Province of Utrecht	Haarzuilens	genbank	Bakker et al.	N	T	J	U	Turdus philomelos	10932	EUx
OP921079/EUx/Netherlands/2018	Usutu	OP921079	2018-08-18	2018	Europe	Netherlands	Province of Utrecht	Haarzuilens	genbank	Bakker et al.	N	T	J	U	Ixodida	10656	EUx
OP921080/EUx/Netherlands/2016	Usutu	OP921080	2016-10-16	2016	Europe	Netherlands	Province of Utrecht	Haarzuilens	genbank	Bakker et al.	N	T	J	U	Ixodes ricinus	10932	EUx
OP921081/EUx/Netherlands/2016	Usutu	OP921081	2016-10-16	2016	Europe	Netherlands	Province of Utrecht	Haarzuilens	genbank	Bakker et al.	N	T	J	U	Ixodes ricinus	10932	EUx
OP921082/EUx/Netherlands/2016	Usutu	OP921082	2016-10-16	2016	Europe	Netherlands	Province of Utrecht	Haarzuilens	genbank	Bakker et al.	N	T	J	U	Ixodes ricinus	10932	EUx
OP921083/EUx/Netherlands/2016	Usutu	OP921083	2016-10-16	2016	Europe	Netherlands	Province of Utrecht	Haarzuilens	genbank	Bakker et al.	N	T	J	U	Turdus merula	10743	EUx
OQ630904/EUx/Germany/2018	Usutu	OQ630904	2018-XX-XX	2018	Europe	Germany	Germany	Germany	genbank	Bergmann et al.	N	T	J	U	Strix nebulosa	10920	EUx
OQ630905/EUx/Germany/2018	Usutu	OQ630905	2018-XX-XX	2018	Europe	Germany	Germany	Germany	genbank	Bergmann et al.	N	T	J	U	Strix nebulosa	10850	EUx
OQ630906/EUx/Germany/2021	Usutu	OQ630906	2021-XX-XX	2021	Europe	Germany	Germany	Germany	genbank	Bergmann et al.	N	T	J	U	Strix nebulosa	10925	EUx
OQ630907/EUx/Germany/2021	Usutu	OQ630907	2021-XX-XX	2021	Europe	Germany	Germany	Germany	genbank	Bergmann et al.	N	T	J	U	Strix nebulosa	10920	EUx
OQ630908/EUx/Germany/2021	Usutu	OQ630908	2021-XX-XX	2021	Europe	Germany	Germany	Germany	genbank	Bergmann  et al.	N	T	J	U	Asio otus	10920	EUx
OR141529/EUx/Germany/2023	Usutu	OR141529	2023-XX-XX	2023	Europe	Germany	Germany	Germany	genbank	Bergmann et al.	N	T	J	U		10304	EUx
OR141530/EUx/Germany/2023	Usutu	OR141530	2023-XX-XX	2023	Europe	Germany	Germany	Germany	genbank	Bergmann et al.	N	T	J	U		11053	EUx
OR141531/EUx/Germany/2023	Usutu	OR141531	2023-XX-XX	2023	Europe	Germany	Germany	Germany	genbank	Bergmann et al.	N	T	J	U		10304	EUx
OR141532/EUx/Germany/2023	Usutu	OR141532	2023-XX-XX	2023	Europe	Germany	Germany	Germany	genbank	Bergmann et al.	N	T	J	U		10304	EUx
OR141533/EUx/Germany/2023	Usutu	OR141533	2023-XX-XX	2023	Europe	Germany	Germany	Germany	genbank	Bergmann et al.	N	T	J	U		10304	EUx
OR141534/EUx/Germany/2023	Usutu	OR141534	2023-XX-XX	2023	Europe	Germany	Germany	Germany	genbank	Bergmann et al.	N	T	J	U		10304	EUx
OR141535/EUx/Germany/2023	Usutu	OR141535	2023-XX-XX	2023	Europe	Germany	Germany	Germany	genbank	Bergmann et al.	N	T	J	U		10304	EUx
OR141536/EUx/Germany/2023	Usutu	OR141536	2023-XX-XX	2023	Europe	Germany	Germany	Germany	genbank	Bergmann et al.	N	T	J	U		10304	EUx
OR141537/EUx/Germany/2023	Usutu	OR141537	2023-XX-XX	2023	Europe	Germany	Germany	Germany	genbank	Bergmann et al.	N	T	J	U		10304	EUx
OR141538/EUx/Germany/2023	Usutu	OR141538	2023-XX-XX	2023	Europe	Germany	Germany	Germany	genbank	Bergmann et al.	N	T	J	U		10304	EUx
OR141539/EUx/Germany/2023	Usutu	OR141539	2023-XX-XX	2023	Europe	Germany	Germany	Germany	genbank	Bergmann et al.	N	T	J	U		10304	EUx
OR141540/EUx/Germany/2023	Usutu	OR141540	2023-XX-XX	2023	Europe	Germany	Germany	Germany	genbank	Bergmann et al.	N	T	J	U		10304	EUx
OR141541/EUx/Germany/2023	Usutu	OR141541	2023-XX-XX	2023	Europe	Germany	Germany	Germany	genbank	Bergmann et al.	N	T	J	U		10304	EUx
OR141542/EUx/Germany/2023	Usutu	OR141542	2023-XX-XX	2023	Europe	Germany	Germany	Germany	genbank	Bergmann et al.	N	T	J	U		10304	EUx
OR141543/EUx/Germany/2023	Usutu	OR141543	2023-XX-XX	2023	Europe	Germany	Germany	Germany	genbank	Bergmann et al.	N	T	J	U		10304	EUx
OR141544/EUx/Germany/2023	Usutu	OR141544	2023-XX-XX	2023	Europe	Germany	Germany	Germany	genbank	Bergmann et al.	N	T	J	U		10304	EUx
OR141545/EUx/Germany/2023	Usutu	OR141545	2023-XX-XX	2023	Europe	Germany	Germany	Germany	genbank	Bergmann et al.	N	T	J	U		10304	EUx
OR141546/EUx/Germany/2023	Usutu	OR141546	2023-XX-XX	2023	Europe	Germany	Germany	Germany	genbank	Bergmann et al.	N	T	J	U		10304	EUx
OR141547/EUx/Germany/2023	Usutu	OR141547	2023-XX-XX	2023	Europe	Germany	Germany	Germany	genbank	Bergmann et al.	N	T	J	U		10304	EUx
OR141548/EUx/Germany/2023	Usutu	OR141548	2023-XX-XX	2023	Europe	Germany	Germany	Germany	genbank	Bergmann et al.	N	T	J	U		10304	EUx
OR141549/EUx/Germany/2023	Usutu	OR141549	2023-XX-XX	2023	Europe	Germany	Germany	Germany	genbank	Bergmann et al.	N	T	J	U		10304	EUx
OR141550/EUx/Germany/2023	Usutu	OR141550	2023-XX-XX	2023	Europe	Germany	Germany	Germany	genbank	Bergmann et al.	N	T	J	U		10304	EUx
OR141551/EUx/Germany/2023	Usutu	OR141551	2023-XX-XX	2023	Europe	Germany	Germany	Germany	genbank	Bergmann et al.	N	T	J	U		10304	EUx
OR141552/EUx/Germany/2023	Usutu	OR141552	2023-XX-XX	2023	Europe	Germany	Germany	Germany	genbank	Bergmann et al.	N	T	J	U		10304	EUx
OR141553/EUx/Germany/2023	Usutu	OR141553	2023-XX-XX	2023	Europe	Germany	Germany	Germany	genbank	Bergmann et al.	N	T	J	U		10304	EUx
OR141554/EUx/Germany/2023	Usutu	OR141554	2023-XX-XX	2023	Europe	Germany	Germany	Germany	genbank	Bergmann et al.	N	T	J	U		10304	EUx
OR141555/EUx/Germany/2023	Usutu	OR141555	2023-XX-XX	2023	Europe	Germany	Germany	Germany	genbank	Bergmann et al.	N	T	J	U		10304	EUx
OR141556/EUx/Germany/2023	Usutu	OR141556	2023-XX-XX	2023	Europe	Germany	Germany	Germany	genbank	Bergmann et al.	N	T	J	U		10304	EUx
OR141557/EUx/Germany/2023	Usutu	OR141557	2023-XX-XX	2023	Europe	Germany	Germany	Germany	genbank	Bergmann et al.	N	T	J	U		10304	EUx
OR141558/EUx/Germany/2023	Usutu	OR141558	2023-XX-XX	2023	Europe	Germany	Germany	Germany	genbank	Bergmann et al.	N	T	J	U		10304	EUx
OR141559/EUx/Germany/2023	Usutu	OR141559	2023-XX-XX	2023	Europe	Germany	Germany	Germany	genbank	Bergmann et al.	N	T	J	U		10304	EUx
OR141560/EUx/Germany/2023	Usutu	OR141560	2023-XX-XX	2023	Europe	Germany	Germany	Germany	genbank	Bergmann et al.	N	T	J	U		10304	EUx
OR141561/EUx/Germany/2023	Usutu	OR141561	2023-XX-XX	2023	Europe	Germany	Germany	Germany	genbank	Bergmann et al.	N	T	J	U		10304	EUx
OR141562/EUx/Germany/2023	Usutu	OR141562	2023-XX-XX	2023	Europe	Germany	Germany	Germany	genbank	Bergmann et al.	N	T	J	U		10304	EUx
OR141563/EUx/Germany/2023	Usutu	OR141563	2023-XX-XX	2023	Europe	Germany	Germany	Germany	genbank	Bergmann et al.	N	T	J	U		10304	EUx
OR141564/EUx/Germany/2023	Usutu	OR141564	2023-XX-XX	2023	Europe	Germany	Germany	Germany	genbank	Bergmann et al.	N	T	J	U		10304	EUx
OR141565/EUx/Germany/2023	Usutu	OR141565	2023-XX-XX	2023	Europe	Germany	Germany	Germany	genbank	Bergmann et al.	N	T	J	U		10304	EUx
OR141566/EUx/Germany/2023	Usutu	OR141566	2023-XX-XX	2023	Europe	Germany	Germany	Germany	genbank	Bergmann et al.	N	T	J	U		10304	EUx
OR141567/EUx/Germany/2023	Usutu	OR141567	2023-XX-XX	2023	Europe	Germany	Germany	Germany	genbank	Bergmann et al.	N	T	J	U		10304	EUx
OR141568/EUx/Germany/2023	Usutu	OR141568	2023-XX-XX	2023	Europe	Germany	Germany	Germany	genbank	Bergmann et al.	N	T	J	U		10304	EUx
OR141569/EUx/Germany/2023	Usutu	OR141569	2023-XX-XX	2023	Europe	Germany	Germany	Germany	genbank	Bergmann et al.	N	T	J	U		10304	EUx
OR141570/EUx/Germany/2023	Usutu	OR141570	2023-XX-XX	2023	Europe	Germany	Germany	Germany	genbank	Bergmann et al.	N	T	J	U		10304	EUx
OR141571/EUx/Germany/2023	Usutu	OR141571	2023-XX-XX	2023	Europe	Germany	Germany	Germany	genbank	Bergmann et al.	N	T	J	U		10304	EUx
OR141572/EUx/Germany/2023	Usutu	OR141572	2023-XX-XX	2023	Europe	Germany	Germany	Germany	genbank	Bergmann et al.	N	T	J	U		10304	EUx
OR141573/EUx/Germany/2023	Usutu	OR141573	2023-XX-XX	2023	Europe	Germany	Germany	Germany	genbank	Bergmann et al.	N	T	J	U		10304	EUx
OR141574/EUx/Germany/2023	Usutu	OR141574	2023-XX-XX	2023	Europe	Germany	Germany	Germany	genbank	Bergmann et al.	N	T	J	U		10304	EUx
OR141575/EUx/Germany/2023	Usutu	OR141575	2023-XX-XX	2023	Europe	Germany	Germany	Germany	genbank	Bergmann et al.	N	T	J	U		10304	EUx
OR141576/EUx/Germany/2023	Usutu	OR141576	2023-XX-XX	2023	Europe	Germany	Germany	Germany	genbank	Bergmann et al.	N	T	J	U		10304	EUx
OR141577/EUx/Germany/2023	Usutu	OR141577	2023-XX-XX	2023	Europe	Germany	Germany	Germany	genbank	Bergmann et al.	N	T	J	U		10214	EUx
OR141578/EUx/Germany/2023	Usutu	OR141578	2023-XX-XX	2023	Europe	Germany	Germany	Germany	genbank	Bergmann et al.	N	T	J	U		10304	EUx
OR141579/EUx/Germany/2023	Usutu	OR141579	2023-XX-XX	2023	Europe	Germany	Germany	Germany	genbank	Bergmann et al.	N	T	J	U		10304	EUx
OR141580/EUx/Germany/2023	Usutu	OR141580	2023-XX-XX	2023	Europe	Germany	Germany	Germany	genbank	Bergmann et al.	N	T	J	U		10304	EUx
OR141581/EUx/Germany/2023	Usutu	OR141581	2023-XX-XX	2023	Europe	Germany	Germany	Germany	genbank	Bergmann et al.	N	T	J	U		10304	EUx
OR141582/EUx/Germany/2023	Usutu	OR141582	2023-XX-XX	2023	Europe	Germany	Germany	Germany	genbank	Bergmann et al.	N	T	J	U		10304	EUx
OR141583/EUx/Germany/2023	Usutu	OR141583	2023-XX-XX	2023	Europe	Germany	Germany	Germany	genbank	Bergmann et al.	N	T	J	U		10304	EUx
OR141584/EUx/Germany/2023	Usutu	OR141584	2023-XX-XX	2023	Europe	Germany	Germany	Germany	genbank	Bergmann et al.	N	T	J	U		10304	EUx
OR141585/EUx/Germany/2023	Usutu	OR141585	2023-XX-XX	2023	Europe	Germany	Germany	Germany	genbank	Bergmann et al.	N	T	J	U		10304	EUx
OR141586/EUx/Germany/2023	Usutu	OR141586	2023-XX-XX	2023	Europe	Germany	Germany	Germany	genbank	Bergmann et al.	N	T	J	U		10304	EUx
OR141587/EUx/Germany/2023	Usutu	OR141587	2023-XX-XX	2023	Europe	Germany	Germany	Germany	genbank	Bergmann et al.	N	T	J	U		10304	EUx
OR141588/EUx/Germany/2023	Usutu	OR141588	2023-XX-XX	2023	Europe	Germany	Germany	Germany	genbank	Bergmann et al.	N	T	J	U		10304	EUx
OR141589/EUx/Germany/2023	Usutu	OR141589	2023-XX-XX	2023	Europe	Germany	Germany	Germany	genbank	Bergmann et al.	N	T	J	U		10304	EUx
OR141590/EUx/Germany/2023	Usutu	OR141590	2023-XX-XX	2023	Europe	Germany	Germany	Germany	genbank	Bergmann et al.	N	T	J	U		10304	EUx
OR141591/EUx/Germany/2023	Usutu	OR141591	2023-XX-XX	2023	Europe	Germany	Germany	Germany	genbank	Bergmann et al.	N	T	J	U		10243	EUx
OR141592/EUx/Germany/2023	Usutu	OR141592	2023-XX-XX	2023	Europe	Germany	Germany	Germany	genbank	Bergmann et al.	N	T	J	U		10304	EUx
OR141593/EUx/Germany/2023	Usutu	OR141593	2023-XX-XX	2023	Europe	Germany	Germany	Germany	genbank	Bergmann et al.	N	T	J	U		10304	EUx
OR141594/EUx/Germany/2023	Usutu	OR141594	2023-XX-XX	2023	Europe	Germany	Germany	Germany	genbank	Bergmann et al.	N	T	J	U		10304	EUx
OR141595/EUx/Germany/2023	Usutu	OR141595	2023-XX-XX	2023	Europe	Germany	Germany	Germany	genbank	Bergmann et al.	N	T	J	U		10304	EUx
OR141596/EUx/Germany/2023	Usutu	OR141596	2023-XX-XX	2023	Europe	Germany	Germany	Germany	genbank	Bergmann et al.	N	T	J	U		10304	EUx
OR141597/EUx/Germany/2023	Usutu	OR141597	2023-XX-XX	2023	Europe	Germany	Germany	Germany	genbank	Bergmann et al.	N	T	J	U		10304	EUx
OR141598/EUx/Germany/2023	Usutu	OR141598	2023-XX-XX	2023	Europe	Germany	Germany	Germany	genbank	Bergmann et al.	N	T	J	U		10304	EUx
OR141599/EUx/Germany/2023	Usutu	OR141599	2023-XX-XX	2023	Europe	Germany	Germany	Germany	genbank	Bergmann et al.	N	T	J	U		11063	EUx
OR141600/EUx/Germany/2023	Usutu	OR141600	2023-XX-XX	2023	Europe	Germany	Germany	Germany	genbank	Bergmann et al.	N	T	J	U		10932	EUx
OR141601/EUx/Germany/2023	Usutu	OR141601	2023-XX-XX	2023	Europe	Germany	Germany	Germany	genbank	Bergmann et al.	N	T	J	U		11065	EUx
OR141602/EUx/Germany/2023	Usutu	OR141602	2023-XX-XX	2023	Europe	Germany	Germany	Germany	genbank	Bergmann et al.	N	T	J	U		10920	EUx
OR141603/EUx/Germany/2023	Usutu	OR141603	2023-XX-XX	2023	Europe	Germany	Germany	Germany	genbank	Bergmann et al.	N	T	J	U		10926	EUx
OR141604/EUx/Germany/2023	Usutu	OR141604	2023-XX-XX	2023	Europe	Germany	Germany	Germany	genbank	Bergmann et al.	N	T	J	U		11062	EUx
OR141605/EUx/Germany/2023	Usutu	OR141605	2023-XX-XX	2023	Europe	Germany	Germany	Germany	genbank	Bergmann et al.	N	T	J	U		11062	EUx
OR141606/EUx/Germany/2023	Usutu	OR141606	2023-XX-XX	2023	Europe	Germany	Germany	Germany	genbank	Bergmann et al.	N	T	J	U		10932	EUx
OR166135/EUx/Germany/2017	Usutu	OR166135	2017-XX-XX	2017	Europe	Germany	Germany	Germany	genbank	Bergmann et al.	N	T	J	U	Turdus merula	10317	EUx
OR166136/EUx/Germany/2017	Usutu	OR166136	2017-XX-XX	2017	Europe	Germany	Germany	Germany	genbank	Bergmann et al.	N	T	J	U	Turdus merula	10910	EUx
OR166137/EUx/Germany/2017	Usutu	OR166137	2017-XX-XX	2017	Europe	Germany	Germany	Germany	genbank	Bergmann et al.	N	T	J	U	Turdus merula	11050	EUx
OR166138/EUx/Germany/2017	Usutu	OR166138	2017-XX-XX	2017	Europe	Germany	Germany	Germany	genbank	Bergmann et al.	N	T	J	U	Surnia ulula	10980	EUx
OR166139/EUx/Germany/2017	Usutu	OR166139	2017-XX-XX	2017	Europe	Germany	Germany	Germany	genbank	Bergmann et al.	N	T	J	U	Strix nebulosa	10920	EUx
OR166140/EUx/Germany/2017	Usutu	OR166140	2017-XX-XX	2017	Europe	Germany	Germany	Germany	genbank	Bergmann et al.	N	T	J	U	Strix nebulosa	10914	EUx
OR166141/EUx/Germany/2018	Usutu	OR166141	2018-XX-XX	2018	Europe	Germany	Germany	Germany	genbank	Bergmann et al.	N	T	J	U	Strix nebulosa	11057	EUx
OR166142/EUx/Germany/2018	Usutu	OR166142	2018-XX-XX	2018	Europe	Germany	Germany	Germany	genbank	Bergmann et al.	N	T	J	U	Turdus merula	10914	EUx
OR166143/EUx/Germany/2018	Usutu	OR166143	2018-XX-XX	2018	Europe	Germany	Germany	Germany	genbank	Bergmann et al.	N	T	J	U	Turdus philomelos	10990	EUx
OR166144/EUx/Germany/2018	Usutu	OR166144	2018-XX-XX	2018	Europe	Germany	Germany	Germany	genbank	Bergmann et al.	N	T	J	U	Turdus merula	11045	EUx
OR166145/EUx/Germany/2018	Usutu	OR166145	2018-XX-XX	2018	Europe	Germany	Germany	Germany	genbank	Bergmann et al.	N	T	J	U	Turdus merula	10990	EUx
OR166146/EUx/Germany/2018	Usutu	OR166146	2018-XX-XX	2018	Europe	Germany	Germany	Germany	genbank	Bergmann et al.	N	T	J	U	Turdus merula	10920	EUx
OR166147/EUx/Germany/2018	Usutu	OR166147	2018-XX-XX	2018	Europe	Germany	Germany	Germany	genbank	Bergmann et al.	N	T	J	U	Turdus merula	10992	EUx
OR166148/EUx/Germany/2018	Usutu	OR166148	2018-XX-XX	2018	Europe	Germany	Germany	Germany	genbank	Bergmann et al.	N	T	J	U	Turdus merula	11062	EUx
OR166149/EUx/Germany/2018	Usutu	OR166149	2018-XX-XX	2018	Europe	Germany	Germany	Germany	genbank	Bergmann et al.	N	T	J	U	Turdus merula	10920	EUx
OR166150/EUx/Germany/2018	Usutu	OR166150	2018-XX-XX	2018	Europe	Germany	Germany	Germany	genbank	Bergmann et al.	N	T	J	U	Turdus merula	11053	EUx
OR166151/EUx/Germany/2018	Usutu	OR166151	2018-XX-XX	2018	Europe	Germany	Germany	Germany	genbank	Bergmann et al.	N	T	J	U	Strix nebulosa	10914	EUx
OR166152/EUx/Germany/2018	Usutu	OR166152	2018-XX-XX	2018	Europe	Germany	Germany	Germany	genbank	Bergmann et al.	N	T	J	U	Turdus merula	10917	EUx
OR166153/EUx/Germany/2018	Usutu	OR166153	2018-XX-XX	2018	Europe	Germany	Germany	Germany	genbank	Bergmann et al.	N	T	J	U	Turdus merula	10920	EUx
OR166154/EUx/Germany/2018	Usutu	OR166154	2018-XX-XX	2018	Europe	Germany	Germany	Germany	genbank	Bergmann et al.	N	T	J	U	Turdus merula	11010	EUx
OR166155/EUx/Germany/2018	Usutu	OR166155	2018-XX-XX	2018	Europe	Germany	Germany	Germany	genbank	Bergmann et al.	N	T	J	U	Turdus merula	10920	EUx
OR166156/EUx/Germany/2018	Usutu	OR166156	2018-XX-XX	2018	Europe	Germany	Germany	Germany	genbank	Bergmann et al.	N	T	J	U	Fringilla coelebs	10990	EUx
OR166157/EUx/Germany/2018	Usutu	OR166157	2018-XX-XX	2018	Europe	Germany	Germany	Germany	genbank	Bergmann et al.	N	T	J	U	Turdus merula	11062	EUx
OR166158/EUx/Germany/2018	Usutu	OR166158	2018-XX-XX	2018	Europe	Germany	Germany	Germany	genbank	Bergmann et al.	N	T	J	U	Turdus merula	11062	EUx
OR166159/EUx/Germany/2018	Usutu	OR166159	2018-XX-XX	2018	Europe	Germany	Germany	Germany	genbank	Bergmann et al.	N	T	J	U	Turdus merula	10959	EUx
OR166160/EUx/Germany/2018	Usutu	OR166160	2018-XX-XX	2018	Europe	Germany	Germany	Germany	genbank	Bergmann et al.	N	T	J	U	Sitta europaea	10920	EUx
OR166161/EUx/Germany/2018	Usutu	OR166161	2018-XX-XX	2018	Europe	Germany	Germany	Germany	genbank	Bergmann et al.	N	T	J	U	Turdus merula	10920	EUx
OR166162/EUx/Germany/2018	Usutu	OR166162	2018-XX-XX	2018	Europe	Germany	Germany	Germany	genbank	Bergmann et al.	N	T	J	U	Turdus merula	11066	EUx
OR166163/EUx/Germany/2018	Usutu	OR166163	2018-XX-XX	2018	Europe	Germany	Germany	Germany	genbank	Bergmann et al.	N	T	J	U	Turdus merula	10929	EUx
OR166164/EUx/Germany/2018	Usutu	OR166164	2018-XX-XX	2018	Europe	Germany	Germany	Germany	genbank	Bergmann et al.	N	T	J	U	Turdus merula	10987	EUx
OR166165/EUx/Germany/2018	Usutu	OR166165	2018-XX-XX	2018	Europe	Germany	Germany	Germany	genbank	Bergmann et al.	N	T	J	U	Turdus merula	11066	EUx
OR166166/EUx/Germany/2018	Usutu	OR166166	2018-XX-XX	2018	Europe	Germany	Germany	Germany	genbank	Bergmann et al.	N	T	J	U	Turdus merula	10959	EUx
OR166167/EUx/Germany/2018	Usutu	OR166167	2018-XX-XX	2018	Europe	Germany	Germany	Germany	genbank	Bergmann et al.	N	T	J	U	Turdus merula	11062	EUx
OR166168/EUx/Germany/2018	Usutu	OR166168	2018-XX-XX	2018	Europe	Germany	Germany	Germany	genbank	Bergmann et al.	N	T	J	U	Turdus merula	10917	EUx
OR166169/EUx/Germany/2018	Usutu	OR166169	2018-XX-XX	2018	Europe	Germany	Germany	Germany	genbank	Bergmann et al.	N	T	J	U	Turdus merula	10984	EUx
OR573992/EUx/Netherlands/2017	Usutu	OR573992	2017-08-15	2017	Europe	Netherlands	Limburg	Limburg	genbank	Giglia et al.	N	T	J	U	Branta ruficollis	10728	EUx
OR573993/EUx/Netherlands/2017	Usutu	OR573993	2017-08-15	2017	Europe	Netherlands	Limburg	Limburg	genbank	Giglia et al.	N	T	J	U	Branta ruficollis	10728	EUx
OR757488/EUx/Italy/2023	Usutu	OR757488	2023-07-06	2023	Europe	Italy	Veneto	Veneto	genbank	Savini et al.	N	T	J	U	Culex pipiens	10401	EUx
OR757489/EUx/Italy/2023	Usutu	OR757489	2023-07-07	2023	Europe	Italy	Veneto	Veneto	genbank	Savini et al.	N	T	J	U	Culex pipiens	10400	EUx
OR757490/EUx/Italy/2023	Usutu	OR757490	2023-07-11	2023	Europe	Italy	EmiliaRomagna	EmiliaRomagna	genbank	Savini et al.	N	T	J	U	Culex pipiens	10401	EUx
OR757491/EUx/Italy/2023	Usutu	OR757491	2023-07-20	2023	Europe	Italy	EmiliaRomagna	EmiliaRomagna	genbank	Savini et al.	N	T	J	U	Laridae sp.	10400	EUx
OR757492/EUx/Italy/2023	Usutu	OR757492	2023-07-24	2023	Europe	Italy	EmiliaRomagna	EmiliaRomagna	genbank	Savini et al.	N	T	J	U	Culex pipiens	10647	EUx
OR757493/EUx/Italy/2023	Usutu	OR757493	2023-07-15	2023	Europe	Italy	Piedmont	Piedmont	genbank	Savini et al.	N	T	J	U	Culex pipiens	10646	EUx
OR757494/EUx/Italy/2023	Usutu	OR757494	2023-07-24	2023	Europe	Italy	EmiliaRomagna	EmiliaRomagna	genbank	Savini et al.	N	T	J	U	Turdus merula	10647	EUx
OR757495/EUx/Italy/2023	Usutu	OR757495	2023-07-18	2023	Europe	Italy	EmiliaRomagna	EmiliaRomagna	genbank	Savini et al.	N	T	J	U	Culex pipiens	10539	EUx
OR757496/EUx/Italy/2023	Usutu	OR757496	2023-07-15	2023	Europe	Italy	EmiliaRomagna	EmiliaRomagna	genbank	Savini et al.	N	T	J	U		10609	EUx
OR757497/EUx/Italy/2023	Usutu	OR757497	2023-07-16	2023	Europe	Italy	EmiliaRomagna	EmiliaRomagna	genbank	Savini et al.	N	T	J	U	Culex pipiens	10835	EUx
OR921093/EUx/Italy/2023	Usutu	OR921093	2023-08-11	2023	Europe	Italy	EmiliaRomagna	EmiliaRomagna	genbank	Savini et al.	N	T	J	U	Culex pipiens	10515	EUx
OR921094/EUx/Italy/2023	Usutu	OR921094	2023-08-11	2023	Europe	Italy	EmiliaRomagna	EmiliaRomagna	genbank	Savini et al.	N	T	J	U	Culex pipiens	10481	EUx
OR921095/EUx/Italy/2023	Usutu	OR921095	2023-08-11	2023	Europe	Italy	EmiliaRomagna	EmiliaRomagna	genbank	Savini et al.	N	T	J	U	Culex pipiens	10494	EUx
OR921096/EUx/Italy/2023	Usutu	OR921096	2023-09-07	2023	Europe	Italy	Veneto	Veneto	genbank	Savini et al.	N	T	J	U	Turdus merula	10483	EUx
OR921097/EUx/Italy/2023	Usutu	OR921097	2023-08-11	2023	Europe	Italy	EmiliaRomagna	EmiliaRomagna	genbank	Savini et al.	N	T	J	U	Culex pipiens	10495	EUx
OR921098/EUx/Italy/2023	Usutu	OR921098	2023-08-23	2023	Europe	Italy	EmiliaRomagna	EmiliaRomagna	genbank	Savini et al.	N	T	J	U	Columba palumbus	10607	EUx
OR921099/EUx/Italy/2023	Usutu	OR921099	2023-09-15	2023	Europe	Italy	EmiliaRomagna	EmiliaRomagna	genbank	Savini et al.	N	T	J	U	Turdus merula	10671	EUx
OR921100/EUx/Italy/2023	Usutu	OR921100	2023-09-08	2023	Europe	Italy	Veneto	Veneto	genbank	Savini et al.	N	T	J	U	Culex pipiens	10835	EUx
OR921101/EUx/Italy/2023	Usutu	OR921101	2023-09-08	2023	Europe	Italy	Veneto	Veneto	genbank	Savini et al.	N	T	J	U	Culex pipiens	10681	EUx
OR921102/EUx/Italy/2023	Usutu	OR921102	2023-09-15	2023	Europe	Italy	EmiliaRomagna	EmiliaRomagna	genbank	Savini et al.	N	T	J	U	Culex pipiens	10837	EUx
OR921103/EUx/Italy/2023	Usutu	OR921103	2023-08-11	2023	Europe	Italy	EmiliaRomagna	EmiliaRomagna	genbank	Savini et al.	N	T	J	U	Culex pipiens	10806	EUx
OR921104/EUx/Italy/2023	Usutu	OR921104	2023-09-08	2023	Europe	Italy	EmiliaRomagna	EmiliaRomagna	genbank	Savini et al.	N	T	J	U	Culex pipiens	10483	EUx
OR921105/EUx/Italy/2023	Usutu	OR921105	2023-09-08	2023	Europe	Italy	EmiliaRomagna	EmiliaRomagna	genbank	Savini et al.	N	T	J	U	Phoenicurus phoenicurus	10598	EUx
OR921106/EUx/Italy/2023	Usutu	OR921106	2023-08-24	2023	Europe	Italy	Veneto	Veneto	genbank	Savini et al.	N	T	J	U	Culex pipiens	10684	EUx
OU674388/EUx/Luxembourg/2020	Usutu	OU674388	2020-XX-XX	2020	Europe	Luxembourg	Luxembourg	Luxembourg	genbank	Snoeck et al.	N	T	J	U		10981	EUx
PP104383/EUx/Italy/2023	Usutu	PP104383	2023-08-02	2023	Europe	Italy	Marche	Marche	genbank	Savini et al.	N	T	J	U	Culex pipiens	10837	EUx
PP104384/EUx/Italy/2023	Usutu	PP104384	2023-09-22	2023	Europe	Italy	EmiliaRomagna	EmiliaRomagna	genbank	Savini et al.	N	T	J	U	Culex pipiens	10534	EUx
PP104385/EUx/Italy/2023	Usutu	PP104385	2023-09-22	2023	Europe	Italy	Veneto	Veneto	genbank	Savini et al.	N	T	J	U	Culex pipiens	10494	EUx
PP104386/EUx/Italy/2023	Usutu	PP104386	2023-09-08	2023	Europe	Italy	EmiliaRomagna	EmiliaRomagna	genbank	Savini et al.	N	T	J	U	Culex pipiens	10495	EUx
PP104387/EUx/Italy/2023	Usutu	PP104387	2023-09-13	2023	Europe	Italy	Umbria	Umbria	genbank	Savini et al.	N	T	J	U	Sturnus vulgaris	10826	EUx
PP104388/EUx/Italy/2023	Usutu	PP104388	2023-09-22	2023	Europe	Italy	Umbria	Umbria	genbank	Savini et al.	N	T	J	U	Turdus merula	10837	EUx
PP104389/EUx/Italy/2023	Usutu	PP104389	2023-09-22	2023	Europe	Italy	EmiliaRomagna	EmiliaRomagna	genbank	Savini et al.	N	T	J	U	Culex pipiens	10495	EUx
PP104390/EUx/Italy/2023	Usutu	PP104390	2023-08-25	2023	Europe	Italy	Veneto	Veneto	genbank	Savini et al.	N	T	J	U	Columbidae	10424	EUx
PP104391/EUx/Italy/2023	Usutu	PP104391	2023-09-07	2023	Europe	Italy	EmiliaRomagna	EmiliaRomagna	genbank	Savini et al.	N	T	J	U	Turdus merula	10837	EUx
AY453411/EU1/Austria/2001	Usutu	AY453411	2001-XX-XX	2001	Europe	Austria	Austria	Vienna	genbank	Weissenbock et al.	https://www.ncbi.nlm.nih.gov/nuccore/AY453411	Emergence of Usutu virus, an African mosquito-borne flavivirus of the Japanese encephalitis virus group, central Europe	Emerging Infect. Dis. 8 (7), 652-656-2002	https://www.ncbi.nlm.nih.gov/pmc/articles/PMC2730324/	turdus merula	11066	EU1
AY453412/AF2/SouthAfrica/1959	Usutu	AY453412	1959-XX-XX	1959	Africa	SouthAfrica	South Africa	South Africa	genbank	Bakonyi et al.	https://www.ncbi.nlm.nih.gov/nuccore/AY453412	Reconstruction of the Evolutionary History and Dispersal of Usutu Virus, a Neglected Emerging Arbovirus in Europe and Africa	MBio 7 (1), e01938-15	https://www.ncbi.nlm.nih.gov/pmc/articles/PMC4742707/	mosquito	11064	AF2