strain,insertion: 69bp @ ref pos 0,insertion: 1bp @ ref pos 10796,insertion: 2bp @ ref pos 10924,insertion: 24bp @ ref pos 11007,insertion: 92bp @ ref pos 11015
KY263625/AF3/Belgium/2016,AGTTGTTGGTCTGTGTGAGCTCTAC,,A,,ATGGTGAACAAGACCACAGGATCTA
MK419834/AF3/Belgium/2018,AGTTGTTGGTCTGTGTGAGCTCTAC,,A,,ATGGTGAACAAGACCACAGGATCTA
OR166141/EUx/Germany/2018,AGTTGTTGGTCTGTGTGAGCTCTAC,,A,,ATGGTGAACAAGACCT
MK230891/AF3/Belgium/2017,AGTCGTTCGTCTGTGTGAGCTCTAC,,A,,ATGGTGAACTAGACCACAGGATCT
OP422565/EUx/Germany/2019,AGTCGTTCGTCTGTGTGAGCTCTAC,,A,,
KJ438766/EU3/Germany/2012,AGTCGTTCGTCTGTGTGAGCTCTAC,,AA,,ATGGGGAACTAGACCACAGGATCT
KJ438735/EU3/Germany/2012,AGTCGTTCGTCTGTGTGAGCTCTAC,,A,,GTGGGGAACTAGACCACAGGATCT
KY199556/AF2/Germany/2016,AGTCGTTCGTCTGTGTGAGCTCTAC,T,,,GTGGGGAACTAGACCACAGGATCT
KY128482/AF3/Netherlands/2016,TGGTTGCTATTGGCACGTTGAGATGTTGGCCTGTGTGAGCTCTAC,,A,,
KY426764/AF3/Germany/2016,GAGCTCTAC,,A,,
KM659877/AF3/Germany/2014,AGATGTTGGCCTGTGTGAGCTCTAC,,A,,ATGGGGAACTAGACCACAGGATCT
OR141604/EUx/Germany/2023,AGATGTTGGCCTGTGTGAGCTCTAC,,A,,ATGGGGAACTAGACCACAGGA
OR166148/EUx/Germany/2018,AGATGTTGGCCTGTGTGAGCTCTAC,,A,,ATGGGGAACTAGACCACAGGT
MT795154/EUx/Germany/2016,AGATGTTGGCCTGTGTGAGCTCTAC,,A,,ATGGGGAACTAGACCACAGGATCT
OP422562/EUx/Germany/2019,AGATGTTGGCCTGTGTGAGCTCTAC,,A,,ATGGGGAATTAGACCAGAGGTTCT
KY199557/AF3/Germany/2016,AGATGTTGGCCTGTGTGAGCTCTAC,,A,,ATGGGGAACTAGACCACAGGATCT
OP007489/EUx/Netherlands/2016,AGATGTTGGCCTGTGTGAGCTCTAC,,A,,
JQ219843/EU1/Austria/2002,AGATGTTGGCCTGTGTGAGCTCTAC,,AA,,GTGGGG
PP104383/EUx/Italy/2023,AGATGTTGGCCTGTGTGAGCTCTAC,,,,
PP104388/EUx/Italy/2023,AGATGTTGGCCTGTGTGAGCTCTAC,,,,
OP734250/EUx/Italy/2022,AGATGTTGGCCTGTGTGAGCTCTAC,,,,
OP734253/EUx/Italy/2022,AGATGTTGGCCTGTGTGAGCTCTAC,,,,
OR921102/EUx/Italy/2023,AGATGTTGGCCTGTGTGAGCTCTAC,,,,
PP104391/EUx/Italy/2023,AGATGTTGGCCTGTGTGAGCTCTAC,,,,
OP734254/EUx/Italy/2022,AGATGTTGGCCTGTGTGAGCTCTAC,,,,
OP734246/EUx/Italy/2022,AGATGTTGGCCTGTGTGAGCTCTAC,,,,
KC754956/AF3/Senegal/1993,AGATGTTGGCCTGTGTGAGCTCTAC,,,,
KC754957/AF3/Senegal/2007,AGATGTTGGCCTGTGTGAGCTCTAC,,,,
MH727238/AF2/Senegal/2013,AGATGTTGGCCTGTGTGAGCTCTAC,,,,
MH727240/AF2/Senegal/2013,AGATGTTGGCCTGTGTGAGCTCTAC,,,,
MH727241/AF2/Senegal/2013,AGATGTTGGCCTGTGTGAGCTCTAC,,,,
MH727239/AF2/Senegal/2013,AGATGTTGGCCTGTGTGAGCTCTAC,,,,
MH727242/AF2/Senegal/2013,AGATGTTGGCCTGTGTGAGCTCTAC,,,,
KC754954/AF2/Senegal/1974,AGATGTTGGCCTGTGTGAGCTCTAC,,,,
MT188658/EU3/Netherlands/2016,GATGTTGGCCTGTGTGAGCTCTAC,,A,,GTGGTGGAGAAGAACACAGGATCT
OP734260/EUx/Italy/2022,GATGTTGGCCTGTGTGAGCTCTAC,,,,
KX601691/EU3/France/2015,GATGTTGGCCTGTGTGAGCTCTAC,,AC,,GTGGTGGAGTAGACCACAGGATCT
MH891847/AF3/Netherlands/2016,TTGGCCTGTGTGAGCTCTAC,,,,
MG461310/EU5/Israel/2004,TTGGCCTGTGTGAGCTCTAC,,AT,,GTGGAGGTCGCTAGATGGTC
MG461309/EU5/Israel/2004,TTGGCCTGTGTGAGCTCTAC,,AT,,GT
KY294723/AF3/Germany/2016,GGCCTGTGTGAGCTCTAC,,A,,GTGGTGGAGAAGAACACAG
OR141530/EUx/Germany/2023,GGCCTGTGTGAGCTCTAC,,A,,GTGGTGGAGAAGAACACAG
KY294722/AF3/Germany/2016,GCCTGTGTGAGCTCTAC,,A,,
OR166139/EUx/Germany/2017,GCCTGTGTGAGCTCTAC,,,,
MT863562/AF3/France/2018,GCCTGTGTGAGCTCTAC,,A,,
ON032474/EUx/Italy/2020,GCCTGTGTGAGCTCTAC,,AA,,
KU664608/AF2/Germany/2015,GCCTGTGTGAGCTCTAC,T,,,GTGGTGG
OR166150/EUx/Germany/2018,GGGCTGTGTGAGCTCTAC,,A,,GTGGTGGAGAAGAACACAG
AY453411/EU1/Austria/2001,AGTCGTTCGTCTGCGTGAGCTCTAC,,AA,,GTGGGGAACTAGACCACAGGATCT
EF206350/EU1/Hungary/2005,AGTCGTTCGTCTGCGTGAGCTCTAC,,AA,,GTGGGGAACTAGACCACAGGATCT
JF266698/EU2/Italy/2009,AGTCGTTCGTCTGCGTGAGCTCTAC,,A,,GTGGGGAACTAGACCACAGGATCT
KJ438758/EU3/Germany/2013,AGTCGTTCGTCTGCGTGAGCTCTAC,,A,,ATGGGGAACAAGACAACAGGATCT
KY263626/EU3/Belgium/2016,AGTCGTTCGTCTGCGTGAGCTCTAC,,A,,ATGGGGAACAAGACCACAGGATCTA
MK230890/EU3/Belgium/2017,AGTCGTTCGTCTGCGTGAGCTCTAC,,A,,ATGGTGAACTAGACCACAGGATCT
KJ438705/EU3/Germany/2010,AGTCGTTCGTCTGCGTGAGCTCTAC,,A,,ATGGGGAACTAGACCACAGGATCT
KJ438706/EU3/Germany/2011,AGTCGTTCGTCTGCGTGAGCTCTAC,,A,,GTGGGGAACAAGACCACAGGATCT
KJ438707/EU3/Germany/2011,AGTCGTTCGTCTGCGTGAGCTCTAC,,A,,GTGGGGAACTAGACCACAGGATCT
KJ438708/EU3/Germany/2011,AGTCGTTCGTCTGCGTGAGCTCTAC,,A,,GTGGGGAACTAGACCACAGGATCT
KJ438709/EU3/Germany/2012,AGTCGTTCGTCTGCGTGAGCTCTAC,,A,,ATGGGGAACTAGACCACAGGATCT
KJ438710/EU3/Germany/2011,AGTCGTTCGTCTGCGTGAGCTCTAC,,A,,ATGGGGAACTAGACCACAGGATCT
KJ438711/EU3/Germany/2011,AGTCGTTCGTCTGCGTGAGCTCTAC,,A,,ATGGTGAACTAGACCACAGGATCT
KJ438712/EU3/Germany/2011,AGTCGTTCGTCTGCGTGAGCTCTAC,,A,,ATGGGGAACAAGACCACAGGATCT
KJ438713/EU3/Germany/2011,AGTCGTTCGTCTGCGTGAGCTCTAC,,A,,GTGGGGAGCAAGACCACAGGATCT
KJ438714/EU3/Germany/2011,AGTCGTTCGTCTGCGTGAGCTCTAC,,A,,ATGGGGAGCTAGACCACAGGATCA
KJ438715/EU3/Germany/2011,AGTCGTTCGTCTGCGTGAGCTCTAC,,A,,ATGGGGGGCTAGACCACAGGATCT
KJ438731/EU3/Germany/2011,AGTCGTTCGTCTGCGTGAGCTCTAC,,A,,GTGGGGAACAAGACCCCGGGATCT
KJ859683/EU3/Germany/2013,AGTCGTTCGTCTGCGTGAGCTCTAC,,A,,GTGGGGAACTAGACCACAGGATCT
KJ438716/EU3/Germany/2012,AGTCGTTCGTCTGCGTGAGCTCTAC,,A,,ATGGGGAACAAGACCACAGGATCT
KJ438717/EU3/Germany/2012,AGTCGTTCGTCTGCGTGAGCTCTAC,,A,,ATGGTGGGCTAGACCACAGGATCT
KJ438718/EU3/Germany/2011,AGTCGTTCGTCTGCGTGAGCTCTAC,,A,,ATGGGGAACTAGACCACAGGATCT
KJ438719/EU3/Germany/2011,AGTCGTTCGTCTGCGTGAGCTCTAC,,A,,ATGGGGAACTAGACCCCAGGATCT
KJ438720/EU3/Germany/2011,AGTCGTTCGTCTGCGTGAGCTCTAC,,A,,ATGGGGAACTAGACCCCAGGATCT
KJ438721/EU3/Germany/2011,AGTCGTTCGTCTGCGTGAGCTCTAC,,A,,GTGGGGAACTAGACCCCAGGATCT
KJ438722/EU3/Germany/2012,AGTCGTTCGTCTGCGTGAGCTCTAC,,A,,GTGGGGAACTAGACCCCAGGATCT
KJ438723/EU3/Germany/2011,AGTCGTTCGTCTGCGTGAGCTCTAC,,A,,ATGGGGAACAAGACCCCAGGATCA
KJ438724/EU3/Germany/2011,AGTCGTTCGTCTGCGTGAGCTCTAC,,A,,GTGGGGAACAAGACCACAGGATCT
KJ438725/EU3/Germany/2011,AGTCGTTCGTCTGCGTGAGCTCTAC,,A,,ATGGGGAACTAGACCCCAGGATCT
KJ438726/EU3/Germany/2011,AGTCGTTCGTCTGCGTGAGCTCTAC,,A,,ATGGGGAACAAGACCCCAGGATCA
KJ438727/EU3/Germany/2011,AGTCGTTCGTCTGCGTGAGCTCTAC,,A,,GTGGGGGGCTAGACCACAGGATCT
KJ438728/EU3/Germany/2011,AGTCGTTCGTCTGCGTGAGCTCTAC,,A,,ATGGTGAACTAGACCCCAGGATCT
KJ438729/EU3/Germany/2012,AGTCGTTCGTCTGCGTGAGCTCTAC,,A,,ATGGTGAACAAGACCACAGGATCT
KJ438733/EU3/Germany/2012,AGTCGTTCGTCTGCGTGAGCTCTAC,,A,,ATGGGGAACTAGACACCAGGATCT
KJ438732/EU3/Germany/2011,AGTCGTTCGTCTGCGTGAGCTCTAC,,A,,ATGGGGGGCAAGACCCCAGGATCT
KJ438730/EU3/Germany/2011,AGTCGTTCGTCTGCGTGAGCTCTAC,,A,,ATGGGGAACAAGACCACAGGATCT
KJ438734/EU3/Germany/2011,AGTCGTTCGTCTGCGTGAGCTCTAC,,A,,GTGGGGGGGTAGACCACAGGATCT
KJ438737/EU3/Germany/2011,AGTCGTTCGTCTGCGTGAGCTCTAC,,A,,ATGGGGAACTAGACCACAGGATCT
KJ438736/EU3/Germany/2012,AGTCGTTCGTCTGCGTGAGCTCTAC,,A,,ATGGTGAACAAGACCACAGGATCT
KJ438738/EU3/Germany/2011,AGTCGTTCGTCTGCGTGAGCTCTAC,,A,,ATGGGGAACAAGACCACTGGATCT
KJ438739/EU3/Germany/2013,AGTCGTTCGTCTGCGTGAGCTCTAC,,A,,ATGGGGAACAAGACCACAGGATCT
KJ438740/EU3/Germany/2011,AGTCGTTCGTCTGCGTGAGCTCTAC,,A,,ATGGGGAACAAGACCACAGGATCT
KJ438741/EU3/Germany/2013,AGTCGTTCGTCTGCGTGAGCTCTAC,,A,,ATGGGGAACTAGACCCAAGGATCT
KJ859682/EU3/Germany/2013,AGTCGTTCGTCTGCGTGAGCTCTAC,,A,,ATGGGGAACTAGACCACAGGATCT
KJ438742/EU3/Germany/2013,AGTCGTTCGTCTGCGTGAGCTCTAC,,A,,ATGGGGGGCTAGACCACAGGATCT
KJ438744/EU3/Germany/2012,AGTCGTTCGTCTGCGTGAGCTCTAC,,A,,GTGGGGAGCTAGACCACAGGATCT
KJ438745/EU3/Germany/2011,AGTCGTTCGTCTGCGTGAGCTCTAC,,A,,ATGGGGAACAAGACCACAGGATCT
KJ438746/EU3/Germany/2011,AGTCGTTCGTCTGCGTGAGCTCTAC,,A,,ATGGGGGACTAGACCACAGGATCT
KJ438747/EU3/Germany/2012,AGTCGTTCGTCTGCGTGAGCTCTAC,,A,,GTGGTGAACTAGACCACAGGATCT
KJ438753/EU3/Germany/2011,AGTCGTTCGTCTGCGTGAGCTCTAC,,A,,ATGGGGAACTAGACCCCAGGATCA
KJ438750/EU3/Germany/2011,AGTCGTTCGTCTGCGTGAGCTCTAC,,A,,ATGGGGAACAAGAACACAGGATCT
KJ438751/EU3/Germany/2011,AGTCGTTCGTCTGCGTGAGCTCTAC,,A,,ATGGGGAACAAGACCACAGGATCT
KJ438748/EU3/Germany/2012,AGTCGTTCGTCTGCGTGAGCTCTAC,,A,,ATGGTGAACAAGACAACAGGATCT
KJ438752/EU3/Germany/2011,AGTCGTTCGTCTGCGTGAGCTCTAC,,A,,ATGGGGAACAAGACCACAGGATCT
KJ438754/EU3/Germany/2012,AGTCGTTCGTCTGCGTGAGCTCTAC,,A,,ATGGGGAACAAGACCACAGGATCT
KJ438755/EU3/Germany/2011,AGTCGTTCGTCTGCGTGAGCTCTAC,,A,,GTGGGGGACTAGACCACAGGATCT
KJ438756/EU3/Germany/2011,AGTCGTTCGTCTGCGTGAGCTCTAC,,A,,ATGGGGGGCTAGACCACAGGATCT
KJ438749/EU3/Germany/2012,AGTCGTTCGTCTGCGTGAGCTCTAC,,A,,ATGGTGAACAAGACAACAGGATCT
KJ438759/EU3/Germany/2011,AGTCGTTCGTCTGCGTGAGCTCTAC,,A,,ATGGGGAGCAAGACCACAGGATCT
OR166157/EUx/Germany/2018,AGTCGTTCGTCTGCGTGAGCTCTAC,,A,,ATGGGGAGCAAGACCACAGGA
OR166158/EUx/Germany/2018,AGTCGTTCGTCTGCGTGAGCTCTAC,,A,,ATGGTGAACTAGACCCCAGGA
OR166167/EUx/Germany/2018,AGTCGTTCGTCTGCGTGAGCTCTAC,,A,,ATGGTGAACTAGACCCCAGGA
KJ438761/EU3/Germany/2011,AGTCGTTCGTCTGCGTGAGCTCTAC,,A,,ATGGGGAACAAGACCCCAGGATCT
KJ438763/EU3/Germany/2012,AGTCGTTCGTCTGCGTGAGCTCTAC,,A,,ATGGTGAACTAGACACCAGGATCT
KJ438762/EU3/Germany/2011,AGTCGTTCGTCTGCGTGAGCTCTAC,,A,,ATGGGGGGCTAGACCACAGGATCT
KJ438760/EU3/Germany/2011,AGTCGTTCGTCTGCGTGAGCTCTAC,,A,,ATGGGGAACTAGACCACAGGATCT
KJ438767/EU3/Germany/2011,AGTCGTTCGTCTGCGTGAGCTCTAC,,A,,ATGGGGAACTAGACCACAGGATCT
KJ438768/EU3/Germany/2013,AGTCGTTCGTCTGCGTGAGCTCTAC,,A,,ATGGGGAACAAGACCACAGGATCT
KJ438769/EU3/Germany/2011,AGTCGTTCGTCTGCGTGAGCTCTAC,,A,,ATGGGGGGCTAGACCACAGGATCT
KJ438770/EU3/Germany/2011,AGTCGTTCGTCTGCGTGAGCTCTAC,,A,,ATGGGGGGCTAGACCACAGGATCT
KJ438771/EU3/Germany/2013,AGTCGTTCGTCTGCGTGAGCTCTAC,,A,,GTGGGGAACTAGACCACAGGATCT
KJ438772/EU3/Germany/2011,AGTCGTTCGTCTGCGTGAGCTCTAC,,A,,ATGGGGAACAAGACCCCAGGATCT
KJ438773/EU3/Germany/2011,AGTCGTTCGTCTGCGTGAGCTCTAC,,A,,ATGGGGAAGAAGACCACAGGATCT
KJ438774/EU3/Germany/2012,AGTCGTTCGTCTGCGTGAGCTCTAC,,A,,ATGGGGAACAAGACCACAGGATCT
KJ438775/EU3/Germany/2011,AGTCGTTCGTCTGCGTGAGCTCTAC,,A,,ATGGGGGGCTAGACCACAGGATCT
KJ438776/EU3/Germany/2011,AGTCGTTCGTCTGCGTGAGCTCTAC,,A,,ATGGGGGACTAGACCACAGGATCT
KJ438777/EU3/Germany/2011,AGTCGTTCGTCTGCGTGAGCTCTAC,,A,,ATGGGGAACTAGACCACAGGATCT
KJ438778/EU3/Germany/2011,AGTCGTTCGTCTGCGTGAGCTCTAC,,A,,ATGGGGAACAAGACCACAGGATCA
KY199558/EU3/Germany/2016,AGTCGTTCGTCTGCGTGAGCTCTAC,,A,,ATGGGGAACAAGACCCCAGGATCT
OR141605/EUx/Germany/2023,AGTCGTTCGTCTGCGTGAGCTCTAC,,A,,ATGGGGAACAAGACCCCAGGA
KJ438781/EU3/Germany/2011,AGTCGTTCGTCTGCGTGAGCTCTAC,,A,,ATGGGGGGCTAGACCACAGGATCT
OR166143/EUx/Germany/2018,AGTCGTTCGTCTGCGTGAGCTCTAC,,T,,
MK230892/EU3/Belgium/2017,AGTCGTTCGTCTGCGTGAGCTCTAC,,A,,ATGGTGAACTAGACCACAGGATCT
KY263624/EU3/Belgium/2016,AGTCGTTCGTCTGCGTGAGCTCTAC,,A,,ATGGTGAACTAGACCACAGGATCT
MT133690/EUx/Sweden/2019,AGTCGTTCGTCTGCGTGAGCTCTAC,,A,,
KU760915/EUx/Spain/2010,AGTCGTTCGTCTGCGTGAGCTCTAC,,,,GTGGGGAACTAGACCACAGGATCT
KF573410/AF2/Spain/2006,AGTCGTTCGTCTGCGTGAGCTCTAC,T,,,GTGGGGAACTAGACCACAGGATCT
HM569263/EU2/Italy/2009,AGTCGTTTGTCTGCGTGAGCTCTAC,,A,,ATGGGGAACAAGACCACAGGATCT
KX268471/EUx/Italy/2011,AGTCGTTTGTCTGCGTGAGCTCTAC,,A,,GTGGTGAACAAGACCACAGGATC
KX555624/EU2/Italy/2010,CTGTGTGAGCTCTAC,,A,,GTGG
ON032479/EUx/Italy/2010,CTGTGTGAGCTCTAC,,A,,
OP422564/EUx/Germany/2019,CTGTGTGAGCTCTAC,,A,,
KX555626/EU2/Italy/2010,CTGTGTGAGCTCTAC,,A,,GTGG
ON032487/EUx/Italy/2021,CTGTGTGAGCTCTAC,,AA,,GTGG
ON032483/EUx/Italy/2021,CTGTGTGAGCTCTAC,,AA,,
ON032484/EUx/Italy/2021,CTGTGTGAGCTCTAC,,AA,,
OP555958/EUx/Belgium/2017,CTGTGTGAGCTCTAC,,A,,
KY426755/EU3/Germany/2016,CTGTGTGAGCTCTAC,,A,,
OP555957/EUx/Belgium/2017,CTGTGTGAGCTCTAC,,A,,GTGG
KY315178/EU3/Belgium/2016,CTGTGTGAGCTCTAC,,A,,
MF991886/EU2/Austria/2017,CTAC,,,,
ON032478/EUx/Italy/2018,GTGTGAGCTCTAC,,C,,GTGG
MT784898/EUx/Italy/2017,GTGTGAGCTCTAC,,,,
ON032482/EUx/Italy/2021,GTGTGAGCTCTAC,,A,,
MG461312/EU5/Israel/2004,GTGTGAGCTCTAC,,AT,,GTGGAGGTCGCTAGATGGTC
ON813227/AFx/Senegal/2005,GTGTGAGCTCTAC,,,,
MF063042/EU2/Austria/2016,GTTCGTCTGCGTGAGCTCTAC,,AA,,GTGGGGAACTAGACCACAGGATCT
MF063043/EU2/Hungary/2016,TCTGCGTGAGCTCTAC,,,,
MT784899/EUx/Italy/2017,GATTGGCCTGTGTGAGCTCTAC,,A,,
OP734249/EUx/Italy/2022,TGTGTGGCTCTAC,,,,
PP104387/EUx/Italy/2023,GGTGTGAGCTCTAC,,,,
ON032481/EUx/Italy/2021,CTGTGTGGCTCTAC,,AA,,
ON813234/EUx/Italy/2021,GTGAGCTCTAC,,AA,,
KX977447/EU3/Belgium/2016,GTGAGCTCTAC,,,,
OP555956/EUx/Belgium/2017,GTGAGCTCTAC,,A,,GTGGTGGAGAAGAACACAGGATCT
ON032485/EUx/Italy/2021,GTCTGTGTGAGCTCTAC,,AA,,
ON032480/EUx/Italy/2021,TGTGAGCTCTAC,,AA,,
ON032486/EUx/Italy/2021,TGTGTGAGCTCTAC,,AA,,
OP734256/EUx/Italy/2022,GATGTTGCCTGTGTGGCTCTAC,,,,
OP734251/EUx/Italy/2022,ATGTTGGCCTGTGTGAGCTCTAC,,,,
OR757497/EUx/Italy/2023,ATGTTGGCCTGTGTGAGCTCTAC,,,,
OR921100/EUx/Italy/2023,ATGTTGGCCTGTGTGAGCTCTAC,,,,
KX555629/EU4/Italy/2015,ATGTTGGCCTGTGTGAGCTCTAC,,A,,
KJ438765/EU3/Germany/2011,AGTCGTCCGTCTGCGTGAGCTCTAC,,AA,,ATGGGGA
KX601690/EU3/France/2015,TGAGCTCTAC,,AA,,
OR166156/EUx/Germany/2018,TGAGCTCTAC,,TT,,
MG461313/EU5/Israel/2015,TGAGCTCTAC,,AT,,
KX601692/AF2/France/2015,TGAGCTCTAC,T,,,
KJ438743/EU3/Germany/2011,AGTCGTTCGCCTGCGTGAGCTCTAC,,A,,ATGGGGAACTAGACCACAGGATCT
KJ438764/EU3/Germany/2012,AGTCGTTCGCCTGCGTGAGCTCTAC,,A,,ATGGG
KJ438757/EU3/Germany/2013,ATTCGTTCGTCTGCGTGAGCTCTAC,,A,,ATGGGGAACAAGACCACAGGATCT
OP422563/EUx/Germany/2019,AGTCGTTCGTCTGCGTGAGGTCTAC,,A,,ATGGGGAGCTAGAGCAGAG
KY426759/EU3/Germany/2016,GTCGTTCGCCTGTGTGAGCTCTAC,,A,,
HE599647/EU3/Germany/2011,CCTGTGTGAGCTCTAC,,A,,
MG461311/EU5/Israel/2004,CCTGTGTGAGCTCTAC,,AT,,GTGGAGGTCG
KY426756/EU3/Germany/2016,CCTCCACTGTTGGCCTGTGTGAGCTCTAC,,A,,
OR166169/EUx/Germany/2018,CTGTTGGCCTGTGTGAGCTCTAC,,A,,
KY426766/EU3/Germany/2016,CTGTTGGCCTGTGTGAGCTCTAC,,A,,
OR166154/EUx/Germany/2018,GTTCGCCTGTGTGAGCTCTAC,,A,,
OR166164/EUx/Germany/2018,GTTCGCCTGTGTGAGCTCTAC,,A,,
KJ438779/EU3/Germany/2012,AGTCGTTCGTCTGGGTGAGCTCTAC,,A,,ATGGGGAACTAGACCACAG
KY426763/EU3/Germany/2016,TCGTCTGGGTGAGCTCTAC,,A,,
KY426769/EU3/Germany/2016,AGTTGTTCGTCTGGGTGAGCTCTAC,,A,,
OR166137/EUx/Germany/2017,CTGCGTGAGCTCTAC,,A,,ATGGGGAACAAGACCGGAC
OR166138/EUx/Germany/2017,CTGCGTGAGCTCTAC,,A,,AACA
KY426760/EU3/Germany/2016,CATCGTTGGCCTGTGTGAGCTCTAC,,A,,
KJ438780/EU3/Germany/2011,AGTCGTTCGTCGGCGTGAGCTCTAC,,A,,GTGGGGAA
KY426767/EU3/Germany/2016,CCACGGCCCAGCCTGCCTTTCCAGCAGTCCTTGGCCTGTGTGAGCTCTAC,,,,
KY426768/EU3/Germany/2016,CCACGGCCCAGCCTGCCTTTCCAGCAGTCCTTGGCCTGTGTGAGCTCTAC,,,,
MT580899/EUx/Germany/2018,AGTCGTCCGACTGTTTAATCTCACGATCCTCCAAAAACAA,,A,,ATGTGGAACTAGACCAGAGGGTCAAT
OR166165/EUx/Germany/2018,AGTCGTCCGACTGTTTAATCTCACGATCCTCCAAAAACAA,,A,,ATGTGGAACTAGACCAGAGGGTCAAT
OR166162/EUx/Germany/2018,AGTCGTCCGACTGTTTAATCTCACGATCCTCCAAAAACAA,,A,,ATGTGGAACTAGACCAGAGGGTCAAT
OR141599/EUx/Germany/2023,AGTCGTCCGACTGTTTAATCTCACGATCCTCCAAAAACAA,,A,,ATGTGGAACTAGACCAGAGGGTC
OR166144/EUx/Germany/2018,AGTCGTCCGACTGTTTAATCTCACGATCCTCCAAAAACAA,,A,,ATGTG
OR166145/EUx/Germany/2018,AGTCGTCCGACTGTTTAATCTCACGATCCTCCAAAAACAA,,T,,
OR141601/EUx/Germany/2023,AGTCGTCCGACTGTTTAATCTCACGATCCTCCAAAAACAA,,A,,ATGTGGAACTAGACCAGAGGGTTAT
MN989418/EU2/Italy/2018,GATAGTTGGCCTGTGTGAGCTCTAC,,,,
MT241508/AF3/Uganda/2012,GTTGGCCTGTGTGAGCTCTAC,,AA,,GTGGTGGAGAAGAACACAGGATCT
MG461306/EU5/Israel/2015,ATATGTTGGCCTGTGTGAGCTCTAC,,AT,,GTGGAGGTCGCTAGATGGTCTG
MG461307/EU5/Israel/2015,ATATGTTGGCCTGTGTGAGCTCTAC,,AT,,GTGGAGGTCGCTAGATGGTCTG
MG461308/EU5/Israel/2015,ATATGTTGGCCTGTGTGAGCTCTAC,,AT,,GTGGAGGTCGCTAGATGGTCTG
KX268472/EUx/Spain/2009,TGCGTGAGCTCTAC,T,,,GTGGGGAACAAGAC
KY426758/AF2/Germany/2016,,T,,,
LR989887/EUx/Germany/2018,,C,,,
LR989886/EUx/Germany/2018,,C,,,
KY426757/AF3/Germany/2016,,,A,AAATAATCGTTTGCCGCTCTCCTT,ATTTTCCTAAATCTTCTTCGAGATTGCCTGTGAGATGCTTGACGCTGGAAATATTCCTCATTTTCTTCCATGTAATCAACCACAAG
OQ630907/EUx/Germany/2021,,,A,,
MN122178/AF3/Netherlands/2016,,,A,,
OQ630906/EUx/Germany/2021,,,A,,
MN122155/AF3/Netherlands/2016,,,A,,
MN122180/AF3/Netherlands/2016,,,A,,
OR141606/EUx/Germany/2023,,,A,,
MN122194/AF3/Netherlands/2017,,,A,,
MN122243/AF3/Netherlands/2018,,,A,,
MN122234/AF3/Netherlands/2018,,,A,,
MN122237/AF3/Netherlands/2018,,,A,,
MN122218/AF3/Netherlands/2018,,,A,,
MN122183/AF3/Netherlands/2016,,,A,,
MN122204/AF3/Netherlands/2017,,,A,,
MN122200/AF3/Netherlands/2017,,,A,,
OR166152/EUx/Germany/2018,,,A,,
OR166147/EUx/Germany/2018,,,A,,
MN122149/AF3/Netherlands/2016,,,A,,
MN122153/AF3/Netherlands/2016,,,A,,
MN122193/AF3/Netherlands/2017,,,A,,
MN122184/AF3/Netherlands/2016,,,A,,
MN122161/AF3/Netherlands/2016,,,A,,
MN122195/AF3/Netherlands/2017,,,A,,
MN122219/AF3/Netherlands/2018,,,A,,
MN122228/AF3/Netherlands/2018,,,A,,
MN122247/AF3/Netherlands/2018,,,A,,
MN122150/AF3/Netherlands/2016,,,A,,
MN122165/AF3/Netherlands/2016,,,A,,
ON755211/EUx/Netherlands/2016,,,A,,
ON755220/EUx/Netherlands/2016,,,A,,
MN122208/AF3/Netherlands/2017,,,A,,
MN122241/AF3/Netherlands/2018,,,A,,
ON755210/EUx/Netherlands/2016,,,A,,
MN122202/AF3/Netherlands/2017,,,A,,
MN122239/AF3/Netherlands/2018,,,A,,
MN122199/AF3/Netherlands/2017,,,A,,
LR989889/EUx/Germany/2019,,,A,,
LR989892/EUx/Germany/2019,,,A,,
LR989894/EUx/Germany/2019,,,A,,
MN122209/AF3/Netherlands/2017,,,A,,
MN122242/AF3/Netherlands/2018,,,A,,
MN122160/AF3/Netherlands/2016,,,A,,
MN122173/AF3/Netherlands/2016,,,A,,
OP921082/EUx/Netherlands/2016,,,A,,
MN122205/AF3/Netherlands/2017,,,A,,
MN122226/AF3/Netherlands/2018,,,A,,
MN122197/AF3/Netherlands/2017,,,A,,
MN122217/AF3/Netherlands/2018,,,A,,
MN122222/AF3/Netherlands/2018,,,A,,
OP921080/EUx/Netherlands/2016,,,A,,
OP921081/EUx/Netherlands/2016,,,A,,
MN122221/AF3/Netherlands/2018,,,A,,
MN122159/AF3/Netherlands/2016,,,A,,
MN122255/AF3/Netherlands/2018,,,A,,
MN122191/AF3/Netherlands/2017,,,A,,
MN122168/AF3/Netherlands/2016,,,A,,
OP921078/EUx/Netherlands/2018,,,A,,
ON755213/EUx/Netherlands/2016,,,A,,
ON755215/EUx/Netherlands/2016,,,A,,
ON755222/EUx/Netherlands/2016,,,A,,
MN122256/AF3/Netherlands/2018,,,A,,
MN122252/AF3/Netherlands/2018,,,A,,
MN122253/AF3/Netherlands/2018,,,A,,
MN122167/AF3/Netherlands/2016,,,A,,
MN122210/AF3/Netherlands/2017,,,A,,
MN122157/AF3/Netherlands/2016,,,A,,
MN122212/AF3/Netherlands/2017,,,A,,
MN122250/AF3/Netherlands/2018,,,A,,
MN122251/AF3/Netherlands/2018,,,A,,
MN122216/AF3/Netherlands/2018,,,A,,
MN122225/AF3/Netherlands/2018,,,A,,
OR141600/EUx/Germany/2023,,,A,,
MN122146/AF3/Netherlands/2016,,,A,,
MN122248/AF3/Netherlands/2018,,,A,,
MN122223/AF3/Netherlands/2018,,,A,,
OR166149/EUx/Germany/2018,,,A,,
OQ630908/EUx/Germany/2021,,,A,,GGA
KY426761/AF3/Germany/2016,,,A,,
MN122244/AF3/Netherlands/2018,,,A,,
MN122246/AF3/Netherlands/2018,,,A,,
MN122233/AF3/Netherlands/2018,,,A,,
MN122145/AF3/Netherlands/2016,,,A,,
OP921076/EUx/Netherlands/2016,,,A,,
OP921077/EUx/Netherlands/2016,,,A,,
MN122156/AF3/Netherlands/2016,,,A,,
MN122185/AF3/Netherlands/2016,,,A,,
MN122236/AF3/Netherlands/2018,,,A,,
MN122164/AF3/Netherlands/2016,,,A,,
MN122162/AF3/Netherlands/2016,,,A,,
MN122187/AF3/Netherlands/2016,,,A,,
MN122211/AF3/Netherlands/2017,,,A,,
MN122207/EUx/Netherlands/2017,,,A,,
MN122175/AF3/Netherlands/2016,,,A,,
MN122249/AF3/Netherlands/2018,,,A,,
MN122148/AF3/Netherlands/2016,,,A,,
MN122230/AF3/Netherlands/2018,,,A,,
MN122224/AF3/Netherlands/2018,,,A,,
OR141603/EUx/Germany/2023,,,A,,
MN122227/AF3/Netherlands/2018,,,A,,
MN122254/AF3/Netherlands/2018,,,A,,
MN122240/AF3/Netherlands/2018,,,A,,
MN122186/AF3/Netherlands/2016,,,A,,
MN122201/AF3/Netherlands/2017,,,A,,
MN122169/AF3/Netherlands/2016,,,A,,
MN122206/AF3/Netherlands/2017,,,A,,
MN122214/AF3/Netherlands/2017,,,A,,
MN122220/AF3/Netherlands/2018,,,A,,
MN122245/AF3/Netherlands/2018,,,A,,
ON755214/EUx/Netherlands/2016,,,A,,
ON755218/EUx/Netherlands/2016,,,A,,
ON755219/EUx/Netherlands/2016,,,A,,
MN122163/AF3/Netherlands/2016,,,A,,
ON755209/EUx/Netherlands/2016,,,A,,
ON755216/EUx/Netherlands/2016,,,A,,
MN122151/AF3/Netherlands/2016,,,A,,
MN122182/AF3/Netherlands/2016,,,A,,
ON755217/EUx/Netherlands/2016,,,A,,
OR141602/EUx/Germany/2023,,,A,,
MN122231/AF3/Netherlands/2018,,,A,,
MN122232/AF3/Netherlands/2018,,,A,,
OR166161/EUx/Germany/2018,,,A,,
MW001216/AF3/UK/2020,,,A,,
OM202464/EUx/UK/2021,,,A,,
KY426765/AF3/Germany/2016,,,A,,
OR166140/EUx/Germany/2017,,,A,,
OP921079/EUx/Netherlands/2018,,,A,,
MN122238/AF3/Netherlands/2018,,,A,,
ON755212/EUx/Netherlands/2016,,,A,,
ON755221/EUx/Netherlands/2016,,,A,,
OU674388/EUx/Luxembourg/2020,,,A,,
KX816647/EU2/Italy/2011,,,A,,
KX816650/EU2/Italy/2012,,,A,,ATGGGGAACAAGACCACAGGATCT
KX555625/EU2/Italy/2010,,,A,,GTGG
KU573074/EU2/Italy/2013,,,A,,
KU573075/EU2/Italy/2014,,,A,,
KX555627/EU2/Italy/2010,,,A,,GTGG
KX555628/EU2/Italy/2010,,,A,,
KX816649/EU2/Italy/2011,,,A,,
ON032477/EUx/Italy/2018,,,A,,
LR989890/EUx/Germany/2019,,,A,,
MN122174/EU3/Netherlands/2016,,,A,,
MN122188/EU3/Netherlands/2017,,,A,,
MN122189/EU3/Netherlands/2017,,,A,,
MN122192/EU3/Netherlands/2017,,,A,,
OR166163/EUx/Germany/2018,,,A,,
MN122152/EU3/Netherlands/2016,,,A,,
MN122196/EU3/Netherlands/2017,,,A,,
MN122203/EU3/Netherlands/2017,,,A,,
MN122158/EU3/Netherlands/2016,,,A,,
MN122235/EU3/Netherlands/2018,,,A,,
MN122177/EU3/Netherlands/2016,,,A,,
KY426752/EU3/Germany/2015,,,A,,
KY426750/EU3/Germany/2015,,,A,,
KY426753/EU3/Germany/2015,,,A,,
OR166153/EUx/Germany/2018,,,A,,
OR166160/EUx/Germany/2018,,,A,,
OR166166/EUx/Germany/2018,,,A,,
MN122198/EU3/Netherlands/2017,,,A,,
MN122229/EUx/Netherlands/2018,,,A,,
MN122215/EU3/Netherlands/2017,,,A,,
OR166159/EUx/Germany/2018,,,A,,
MN122154/EU3/Netherlands/2016,,,A,,
MN122170/EU3/Netherlands/2016,,,A,,
MN122176/EU3/Netherlands/2016,,,A,,
MN122171/EUx/Netherlands/2016,,,A,,
OR166151/EUx/Germany/2018,,,A,,
KY426751/EU3/Germany/2015,,,A,,
KY426770/EU3/Germany/2016,,,A,,
MK796169/EU3/Netherlands/2016,,,A,,
MN122181/EU3/Netherlands/2016,,,A,,
MN122172/EU3/Netherlands/2016,,,A,,
MN122179/EU3/Netherlands/2016,,,A,,
OR166168/EUx/Germany/2018,,,A,,
MN122213/EU3/Netherlands/2017,,,A,,
MN122190/EU3/Netherlands/2017,,,A,,
MN122166/EU3/Netherlands/2016,,,A,,
OR166136/EUx/Germany/2017,,,A,,
KX816653/EU4/Italy/2012,,,A,,
OR166146/EUx/Germany/2018,,,G,,
ON813235/EUx/Italy/2021,,,AA,,
ON032475/EUx/Italy/2020,,,AA,,
OQ630904/EUx/Germany/2018,,,AA,,
OR166155/EUx/Germany/2018,,,T,,
OR166142/EUx/Germany/2018,,,T,,
